Process,Time,Vibration,Current,Date
1,오후 4:22:52.0,74.04198315231801,1.482,2021-09-08
1,오후 4:22:57.0,74.31247367223635,1.467,2021-09-08
1,오후 4:23:02.0,75.53366359223965,1.677,2021-09-08
1,오후 4:23:07.0,83.65419923389496,1.858849085986305,2021-09-08
1,오후 4:23:12.0,74.04518510357609,1.71,2021-09-08
1,오후 4:23:17.0,77.47249049518311,1.715,2021-09-08
1,오후 4:23:22.0,71.04198315231801,1.677,2021-09-08
1,오후 4:23:27.0,74.31247367223635,1.754,2021-09-08
1,오후 4:23:32.0,72.53366359223965,1.609,2021-09-08
1,오후 4:23:37.0,73.74042366970423,1.683,2021-09-08
1,오후 4:23:42.0,75.04518510357609,1.642,2021-09-08
1,오후 4:23:47.0,73.47249049518311,1.67,2021-09-08
1,오후 4:23:52.0,70.20403500015834,1.699,2021-09-08
1,오후 4:23:57.0,71.87178422074807,1.664,2021-09-08
1,오후 4:24:02.0,70.49957940787253,1.589,2021-09-08
1,오후 4:24:07.0,73.86391347156295,1.627,2021-09-08
1,오후 4:24:12.0,80.19068142434033,1.7798306610921666,2021-09-08
1,오후 4:24:17.0,73.66209655792429,1.672,2021-09-08
1,오후 4:24:22.0,68.20403500015834,1.628,2021-09-08
1,오후 4:24:27.0,70.87178422074807,1.668,2021-09-08
1,오후 4:24:32.0,70.49957940787253,1.543,2021-09-08
1,오후 4:24:37.1,69.86391347156295,1.605,2021-09-08
1,오후 4:24:42.1,70.9081485396546,1.595,2021-09-08
1,오후 4:24:47.1,70.66209655792429,1.582,2021-09-08
1,오후 4:24:52.1,69.00784572726687,1.606,2021-09-08
1,오후 4:24:57.1,66.11937724252256,1.599,2021-09-08
1,오후 4:25:02.1,66.12181233844662,1.562,2021-09-08
1,오후 4:25:07.1,69.06197573575812,1.496,2021-09-08
1,오후 4:25:12.1,67.0864964282445,1.496,2021-09-08
1,오후 4:25:17.1,68.25677527359753,1.563,2021-09-08
1,오후 4:25:22.1,66.20403500015834,1.519,2021-09-08
1,오후 4:25:27.1,67.87178422074807,1.545,2021-09-08
1,오후 4:25:32.1,65.49957940787253,1.498,2021-09-08
1,오후 4:25:37.1,65.86391347156295,1.536,2021-09-08
1,오후 4:25:42.1,66.9081485396546,1.482,2021-09-08
1,오후 4:25:47.1,67.66209655792429,1.491,2021-09-08
2,오후 4:26:13.2,74.08489761472396,1.514,2021-09-08
2,오후 4:26:18.2,75.47081535284565,1.531,2021-09-08
2,오후 4:26:23.2,76.68033433208144,1.719189511470672,2021-09-08
2,오후 4:26:28.2,76.18546553761685,1.709,2021-09-08
2,오후 4:26:33.2,76.55671042933152,1.694,2021-09-08
2,오후 4:26:38.2,74.93957562396797,1.725,2021-09-08
2,오후 4:26:43.2,71.20403500015834,1.734,2021-09-08
2,오후 4:26:48.2,71.87178422074807,1.697,2021-09-08
2,오후 4:26:53.2,75.49957940787253,1.612,2021-09-08
2,오후 4:26:58.2,74.86391347156295,1.627,2021-09-08
2,오후 4:27:03.2,74.9081485396546,1.709,2021-09-08
2,오후 4:27:08.2,75.66209655792429,1.695,2021-09-08
2,오후 4:27:13.2,69.04198315231801,1.696,2021-09-08
2,오후 4:27:18.3,72.31247367223635,1.713,2021-09-08
2,오후 4:27:23.3,72.53366359223965,1.563,2021-09-08
2,오후 4:27:28.3,72.74042366970423,1.637,2021-09-08
2,오후 4:27:33.3,73.04518510357609,1.642,2021-09-08
2,오후 4:27:38.3,71.47249049518311,1.646,2021-09-08
2,오후 4:27:43.3,70.08489761472396,1.654,2021-09-08
2,오후 4:27:48.3,69.47081535284565,1.618,2021-09-08
2,오후 4:27:53.3,70.84317473479867,1.587,2021-09-08
2,오후 4:27:58.3,72.18546553761685,1.572,2021-09-08
2,오후 4:28:03.3,71.55671042933152,1.603,2021-09-08
2,오후 4:28:08.3,72.93957562396797,1.635,2021-09-08
2,오후 4:28:13.3,68.08489761472396,1.62,2021-09-08
2,오후 4:28:18.3,69.47081535284565,1.651,2021-09-08
2,오후 4:28:23.3,67.84317473479867,1.541,2021-09-08
2,오후 4:28:28.3,70.18546553761685,1.573,2021-09-08
2,오후 4:28:33.3,67.55671042933152,1.536,2021-09-08
2,오후 4:28:38.3,67.93957562396797,1.589,2021-09-08
2,오후 4:28:43.3,67.08489761472396,1.529,2021-09-08
2,오후 4:28:48.4,64.47081535284565,1.538,2021-09-08
2,오후 4:28:53.4,64.84317473479867,1.518,2021-09-08
2,오후 4:28:58.4,66.18546553761685,1.459,2021-09-08
2,오후 4:29:03.4,67.55671042933152,1.467,2021-09-08
2,오후 4:29:08.4,66.93957562396797,1.498,2021-09-08
3,오후 4:29:34.9,76.01093857044455,1.529,2021-09-08
3,오후 4:29:39.9,76.19333628680197,1.515,2021-09-08
3,오후 4:29:44.9,74.28386418628695,1.721,2021-09-08
3,오후 4:29:49.9,75.3394548018018,1.725,2021-09-08
3,오후 4:29:54.9,73.49933688835523,1.682,2021-09-08
3,오후 4:29:59.9,73.81608582210924,1.706,2021-09-08
3,오후 4:30:04.9,71.04198315231801,1.664,2021-09-08
3,오후 4:30:09.9,74.31247367223635,1.671,2021-09-08
3,오후 4:30:14.9,71.53366359223965,1.608,2021-09-08
3,오후 4:30:19.9,74.74042366970423,1.683,2021-09-08
3,오후 4:30:25.0,73.04518510357609,1.62,2021-09-08
3,오후 4:30:30.0,72.47249049518311,1.692,2021-09-08
3,오후 4:30:35.0,70.13914228339809,1.654,2021-09-08
3,오후 4:30:40.0,71.66042141558682,1.641,2021-09-08
3,오후 4:30:45.0,71.1776601448583,1.588,2021-09-08
3,오후 4:30:50.0,70.58643440551927,1.622,2021-09-08
3,오후 4:30:55.0,71.87710395778115,1.612,2021-09-08
3,오후 4:31:00.0,71.01353466824737,1.598,2021-09-08
3,오후 4:31:05.0,69.04198315231801,1.628,2021-09-08
3,오후 4:31:10.0,70.31247367223635,1.608,2021-09-08
3,오후 4:31:15.0,68.53366359223965,1.562,2021-09-08
3,오후 4:31:20.0,68.74042366970423,1.592,2021-09-08
3,오후 4:31:25.0,71.04518510357609,1.551,2021-09-08
3,오후 4:31:30.0,72.47249049518311,1.556,2021-09-08
3,오후 4:31:35.0,69.20403500015834,1.609,2021-09-08
3,오후 4:31:40.0,66.87178422074807,1.641,2021-09-08
3,오후 4:31:45.0,70.49957940787253,1.566,2021-09-08
3,오후 4:31:50.0,69.86391347156295,1.513,2021-09-08
3,오후 4:31:55.0,68.9081485396546,1.596,2021-09-08
3,오후 4:32:00.0,70.66209655792429,1.581,2021-09-08
3,오후 4:32:05.0,65.00784572726687,1.56,2021-09-08
3,오후 4:32:10.0,67.11937724252256,1.6,2021-09-08
3,오후 4:32:15.0,65.12181233844662,1.471,2021-09-08
3,오후 4:32:20.0,67.06197573575812,1.519,2021-09-08
3,오후 4:32:25.0,67.0864964282445,1.474,2021-09-08
3,오후 4:32:30.1,66.25677527359753,1.518,2021-09-08
4,오후 4:32:55.3,74.04198315231801,1.519,2021-09-08
4,오후 4:33:00.3,73.31247367223635,1.499,2021-09-08
4,오후 4:33:05.4,75.53366359223965,1.676,2021-09-08
4,오후 4:33:10.4,83.3491840039839,1.850087134556331,2021-09-08
4,오후 4:33:15.4,75.04518510357609,1.71,2021-09-08
4,오후 4:33:20.4,74.47249049518311,1.692,2021-09-08
4,오후 4:33:25.4,73.08489761472396,1.699,2021-09-08
4,오후 4:33:30.4,73.47081535284565,1.686,2021-09-08
4,오후 4:33:35.4,74.84317473479867,1.654,2021-09-08
4,오후 4:33:40.4,73.18546553761685,1.664,2021-09-08
4,오후 4:33:45.4,74.55671042933152,1.695,2021-09-08
4,오후 4:33:50.4,72.93957562396797,1.657,2021-09-08
4,오후 4:33:55.4,69.13914228339809,1.688,2021-09-08
4,오후 4:34:00.4,70.66042141558682,1.652,2021-09-08
4,오후 4:34:05.4,73.1776601448583,1.565,2021-09-08
4,오후 4:34:10.4,72.58643440551927,1.6,2021-09-08
4,오후 4:34:15.4,72.87710395778115,1.657,2021-09-08
4,오후 4:34:20.4,74.01353466824737,1.644,2021-09-08
4,오후 4:34:25.4,68.08489761472396,1.65,2021-09-08
4,오후 4:34:30.4,68.47081535284565,1.676,2021-09-08
4,오후 4:34:35.4,70.84317473479867,1.541,2021-09-08
4,오후 4:34:40.4,71.18546553761685,1.549,2021-09-08
4,오후 4:34:45.5,72.55671042933152,1.603,2021-09-08
4,오후 4:34:50.5,70.93957562396797,1.612,2021-09-08
4,오후 4:34:55.5,66.01093857044455,1.642,2021-09-08
4,오후 4:35:00.5,69.19333628680197,1.606,2021-09-08
4,오후 4:35:05.5,67.28386418628695,1.494,2021-09-08
4,오후 4:35:10.5,69.3394548018018,1.566,2021-09-08
4,오후 4:35:15.5,69.49933688835523,1.523,2021-09-08
4,오후 4:35:20.5,68.81608582210924,1.57,2021-09-08
4,오후 4:35:25.5,67.01093857044455,1.573,2021-09-08
4,오후 4:35:30.5,65.19333628680197,1.558,2021-09-08
4,오후 4:35:35.5,67.28386418628695,1.516,2021-09-08
4,오후 4:35:40.5,65.3394548018018,1.475,2021-09-08
4,오후 4:35:45.5,65.49933688835523,1.523,2021-09-08
4,오후 4:35:50.5,71.50797397831319,1.605819978805902,2021-09-08
5,오후 4:36:18.3,73.04198315231801,1.482,2021-09-08
5,오후 4:36:23.3,73.31247367223635,1.489,2021-09-08
5,오후 4:36:28.3,74.53366359223965,1.654,2021-09-08
5,오후 4:36:33.4,76.74042366970423,1.66,2021-09-08
5,오후 4:36:38.4,77.04518510357609,1.687,2021-09-08
5,오후 4:36:43.4,77.47249049518311,1.738,2021-09-08
5,오후 4:36:48.4,72.08489761472396,1.745,2021-09-08
5,오후 4:36:53.4,72.47081535284565,1.755,2021-09-08
5,오후 4:36:58.4,73.84317473479867,1.632,2021-09-08
5,오후 4:37:03.4,74.18546553761685,1.64,2021-09-08
5,오후 4:37:08.4,74.55671042933152,1.672,2021-09-08
5,오후 4:37:13.4,73.93957562396797,1.679,2021-09-08
5,오후 4:37:18.4,70.00784572726687,1.688,2021-09-08
5,오후 4:37:23.4,70.11937724252256,1.675,2021-09-08
5,오후 4:37:28.4,70.12181233844662,1.584,2021-09-08
5,오후 4:37:33.4,72.06197573575812,1.587,2021-09-08
5,오후 4:37:38.4,70.0864964282445,1.587,2021-09-08
5,오후 4:37:43.4,70.25677527359753,1.632,2021-09-08
5,오후 4:37:48.4,69.08489761472396,1.587,2021-09-08
5,오후 4:37:53.5,71.47081535284565,1.591,2021-09-08
5,오후 4:37:58.5,68.84317473479867,1.563,2021-09-08
5,오후 4:38:03.5,69.18546553761685,1.618,2021-09-08
5,오후 4:38:08.5,69.55671042933152,1.558,2021-09-08
5,오후 4:38:13.5,72.93957562396797,1.566,2021-09-08
5,오후 4:38:18.5,66.04198315231801,1.575,2021-09-08
5,오후 4:38:23.5,67.31247367223635,1.651,2021-09-08
5,오후 4:38:28.5,69.53366359223965,1.494,2021-09-08
5,오후 4:38:33.5,68.74042366970423,1.524,2021-09-08
5,오후 4:38:38.5,69.04518510357609,1.574,2021-09-08
5,오후 4:38:43.5,67.47249049518311,1.556,2021-09-08
5,오후 4:38:48.5,65.04198315231801,1.563,2021-09-08
5,오후 4:38:53.5,64.31247367223635,1.527,2021-09-08
5,오후 4:38:58.5,67.53366359223965,1.472,2021-09-08
5,오후 4:39:03.5,66.74042366970423,1.455,2021-09-08
5,오후 4:39:08.5,65.04518510357609,1.529,2021-09-08
5,오후 4:39:13.6,66.47249049518311,1.511,2021-09-08
6,오후 4:39:41.4,73.00784572726687,1.472,2021-09-08
6,오후 4:39:46.4,76.11937724252256,1.504,2021-09-08
6,오후 4:39:51.4,75.12181233844662,1.653,2021-09-08
6,오후 4:39:56.4,73.06197573575812,1.724,2021-09-08
6,오후 4:40:01.4,74.0864964282445,1.701,2021-09-08
6,오후 4:40:06.4,75.25677527359753,1.654,2021-09-08
6,오후 4:40:11.4,73.20403500015834,1.677,2021-09-08
6,오후 4:40:16.4,71.87178422074807,1.705,2021-09-08
6,오후 4:40:21.4,73.49957940787253,1.657,2021-09-08
6,오후 4:40:26.4,74.86391347156295,1.627,2021-09-08
6,오후 4:40:31.4,72.9081485396546,1.665,2021-09-08
6,오후 4:40:36.4,74.66209655792429,1.695,2021-09-08
6,오후 4:40:41.4,72.13914228339809,1.65,2021-09-08
6,오후 4:40:46.5,72.66042141558682,1.69,2021-09-08
6,오후 4:40:51.5,72.1776601448583,1.633,2021-09-08
6,오후 4:40:56.5,72.58643440551927,1.645,2021-09-08
6,오후 4:41:01.5,73.87710395778115,1.635,2021-09-08
6,오후 4:41:06.5,78.43341890120523,1.8146696662361848,2021-09-08
6,오후 4:41:11.5,70.20403500015834,1.673,2021-09-08
6,오후 4:41:16.5,70.87178422074807,1.607,2021-09-08
6,오후 4:41:21.5,71.49957940787253,1.589,2021-09-08
6,오후 4:41:26.5,70.86391347156295,1.604,2021-09-08
6,오후 4:41:31.5,72.9081485396546,1.619,2021-09-08
6,오후 4:41:36.5,72.66209655792429,1.604,2021-09-08
6,오후 4:41:41.5,68.04198315231801,1.651,2021-09-08
6,오후 4:41:46.5,68.31247367223635,1.645,2021-09-08
6,오후 4:41:51.5,67.53366359223965,1.54,2021-09-08
6,오후 4:41:56.5,68.74042366970423,1.546,2021-09-08
6,오후 4:42:01.5,68.04518510357609,1.529,2021-09-08
6,오후 4:42:06.5,69.47249049518311,1.556,2021-09-08
6,오후 4:42:11.5,65.08489761472396,1.54,2021-09-08
6,오후 4:42:16.5,65.47081535284565,1.573,2021-09-08
6,오후 4:42:21.5,66.84317473479867,1.472,2021-09-08
6,오후 4:42:26.6,65.18546553761685,1.482,2021-09-08
6,오후 4:42:31.6,68.55671042933152,1.513,2021-09-08
6,오후 4:42:36.6,66.93957562396797,1.475,2021-09-08
7,오후 4:43:03.6,73.01093857044455,1.551,2021-09-08
7,오후 4:43:08.6,75.19333628680197,1.515,2021-09-08
7,오후 4:43:13.6,74.28386418628695,1.653,2021-09-08
7,오후 4:43:18.6,74.3394548018018,1.702,2021-09-08
7,오후 4:43:23.6,74.49933688835523,1.682,2021-09-08
7,오후 4:43:28.6,73.81608582210924,1.683,2021-09-08
7,오후 4:43:33.6,71.13914228339809,1.686,2021-09-08
7,오후 4:43:38.6,71.66042141558682,1.672,2021-09-08
7,오후 4:43:43.6,72.1776601448583,1.611,2021-09-08
7,오후 4:43:48.6,72.58643440551927,1.622,2021-09-08
7,오후 4:43:53.6,74.87710395778115,1.634,2021-09-08
7,오후 4:43:58.6,75.01353466824737,1.644,2021-09-08
7,오후 4:44:03.7,70.04198315231801,1.695,2021-09-08
7,오후 4:44:08.7,69.31247367223635,1.699,2021-09-08
7,오후 4:44:13.7,69.53366359223965,1.585,2021-09-08
7,오후 4:44:18.7,70.74042366970423,1.569,2021-09-08
7,오후 4:44:23.7,72.04518510357609,1.574,2021-09-08
7,오후 4:44:28.7,73.47249049518311,1.602,2021-09-08
7,오후 4:44:33.7,69.13914228339809,1.631,2021-09-08
7,오후 4:44:38.7,70.66042141558682,1.663,2021-09-08
7,오후 4:44:43.7,71.1776601448583,1.565,2021-09-08
7,오후 4:44:48.7,70.58643440551927,1.6,2021-09-08
7,오후 4:44:53.7,72.87710395778115,1.611,2021-09-08
7,오후 4:44:58.7,70.01353466824737,1.597,2021-09-08
7,오후 4:45:03.7,67.13914228339809,1.65,2021-09-08
7,오후 4:45:08.7,67.66042141558682,1.584,2021-09-08
7,오후 4:45:13.7,69.1776601448583,1.52,2021-09-08
7,오후 4:45:18.7,69.58643440551927,1.532,2021-09-08
7,오후 4:45:23.7,67.87710395778115,1.566,2021-09-08
7,오후 4:45:28.7,69.01353466824737,1.575,2021-09-08
7,오후 4:45:33.7,67.00784572726687,1.537,2021-09-08
7,오후 4:45:38.7,66.11937724252256,1.562,2021-09-08
7,오후 4:45:43.7,67.12181233844662,1.517,2021-09-08
7,오후 4:45:48.7,65.06197573575812,1.496,2021-09-08
7,오후 4:45:53.7,66.0864964282445,1.519,2021-09-08
7,오후 4:45:58.7,64.25677527359753,1.472,2021-09-08
8,오후 4:46:24.0,74.04198315231801,1.496,2021-09-08
8,오후 4:46:29.0,74.31247367223635,1.454,2021-09-08
8,오후 4:46:34.1,76.53366359223965,1.676,2021-09-08
8,오후 4:46:39.1,73.74042366970423,1.682,2021-09-08
8,오후 4:46:44.1,74.04518510357609,1.733,2021-09-08
8,오후 4:46:49.1,81.95556629015014,1.8134527535338976,2021-09-08
8,오후 4:46:54.1,74.00784572726687,1.676,2021-09-08
8,오후 4:46:59.1,71.11937724252256,1.709,2021-09-08
8,오후 4:47:04.1,74.12181233844662,1.676,2021-09-08
8,오후 4:47:09.1,73.06197573575812,1.61,2021-09-08
8,오후 4:47:14.1,74.0864964282445,1.678,2021-09-08
8,오후 4:47:19.1,74.25677527359753,1.654,2021-09-08
8,오후 4:47:24.1,71.20403500015834,1.678,2021-09-08
8,오후 4:47:29.1,69.87178422074807,1.681,2021-09-08
8,오후 4:47:34.1,70.49957940787253,1.612,2021-09-08
8,오후 4:47:39.1,70.86391347156295,1.582,2021-09-08
8,오후 4:47:44.1,70.9081485396546,1.596,2021-09-08
8,오후 4:47:49.1,72.66209655792429,1.604,2021-09-08
8,오후 4:47:54.1,70.13914228339809,1.605,2021-09-08
8,오후 4:47:59.2,68.66042141558682,1.645,2021-09-08
8,오후 4:48:04.2,72.1776601448583,1.588,2021-09-08
8,오후 4:48:09.2,71.58643440551927,1.554,2021-09-08
8,오후 4:48:14.2,72.87710395778115,1.634,2021-09-08
8,오후 4:48:19.2,73.01353466824737,1.621,2021-09-08
8,오후 4:48:24.2,67.01093857044455,1.65,2021-09-08
8,오후 4:48:29.2,69.19333628680197,1.653,2021-09-08
8,오후 4:48:34.2,66.28386418628695,1.516,2021-09-08
8,오후 4:48:39.2,68.3394548018018,1.566,2021-09-08
8,오후 4:48:44.2,68.49933688835523,1.5,2021-09-08
8,오후 4:48:49.2,69.81608582210924,1.547,2021-09-08
8,오후 4:48:54.2,65.08489761472396,1.55,2021-09-08
8,오후 4:48:59.2,64.47081535284565,1.58,2021-09-08
8,오후 4:49:04.2,64.84317473479867,1.473,2021-09-08
8,오후 4:49:09.2,65.18546553761685,1.459,2021-09-08
8,오후 4:49:14.2,68.55671042933152,1.467,2021-09-08
8,오후 4:49:19.2,68.93957562396797,1.475,2021-09-08
9,오후 4:49:45.2,73.01093857044455,1.552,2021-09-08
9,오후 4:49:50.2,75.19333628680197,1.56,2021-09-08
9,오후 4:49:55.2,73.28386418628695,1.653,2021-09-08
9,오후 4:50:00.2,73.3394548018018,1.703,2021-09-08
9,오후 4:50:05.2,74.49933688835523,1.659,2021-09-08
9,오후 4:50:10.2,73.81608582210924,1.661,2021-09-08
9,오후 4:50:15.2,71.00784572726687,1.687,2021-09-08
9,오후 4:50:20.2,74.11937724252256,1.671,2021-09-08
9,오후 4:50:25.2,73.12181233844662,1.608,2021-09-08
9,오후 4:50:30.2,81.48759571313047,1.9241821549555904,2021-09-08
9,오후 4:50:35.2,74.0864964282445,1.656,2021-09-08
9,오후 4:50:40.2,74.25677527359753,1.609,2021-09-08
9,오후 4:50:45.2,71.00784572726687,1.678,2021-09-08
9,오후 4:50:50.2,72.11937724252256,1.682,2021-09-08
9,오후 4:50:55.2,70.12181233844662,1.608,2021-09-08
9,오후 4:51:00.2,71.06197573575812,1.633,2021-09-08
9,오후 4:51:05.2,72.0864964282445,1.587,2021-09-08
9,오후 4:51:10.3,72.25677527359753,1.609,2021-09-08
9,오후 4:51:15.3,70.08489761472396,1.632,2021-09-08
9,오후 4:51:20.3,68.47081535284565,1.636,2021-09-08
9,오후 4:51:25.3,68.84317473479867,1.587,2021-09-08
9,오후 4:51:30.3,70.18546553761685,1.55,2021-09-08
9,오후 4:51:35.3,69.55671042933152,1.559,2021-09-08
9,오후 4:51:40.3,72.93957562396797,1.589,2021-09-08
9,오후 4:51:45.3,68.01093857044455,1.574,2021-09-08
9,오후 4:51:50.3,69.19333628680197,1.651,2021-09-08
9,오후 4:51:55.3,67.28386418628695,1.539,2021-09-08
9,오후 4:52:00.3,66.3394548018018,1.567,2021-09-08
9,오후 4:52:05.3,69.49933688835523,1.523,2021-09-08
9,오후 4:52:10.3,69.81608582210924,1.501,2021-09-08
9,오후 4:52:15.3,65.04198315231801,1.573,2021-09-08
9,오후 4:52:20.3,65.31247367223635,1.581,2021-09-08
9,오후 4:52:25.3,66.53366359223965,1.472,2021-09-08
9,오후 4:52:30.3,67.74042366970423,1.478,2021-09-08
9,오후 4:52:35.4,65.04518510357609,1.506,2021-09-08
9,오후 4:52:40.4,67.47249049518311,1.533,2021-09-08
10,오후 4:53:07.5,73.08489761472396,1.472,2021-09-08
10,오후 4:53:12.5,74.47081535284565,1.527,2021-09-08
10,오후 4:53:17.5,75.84317473479867,1.655,2021-09-08
10,오후 4:53:22.5,74.18546553761685,1.686,2021-09-08
10,오후 4:53:27.5,77.55671042933152,1.717,2021-09-08
10,오후 4:53:32.5,74.93957562396797,1.68,2021-09-08
10,오후 4:53:37.5,73.13914228339809,1.756,2021-09-08
10,오후 4:53:42.5,71.66042141558682,1.697,2021-09-08
10,오후 4:53:47.5,74.1776601448583,1.655,2021-09-08
10,오후 4:53:52.5,72.58643440551927,1.622,2021-09-08
10,오후 4:53:57.5,73.87710395778115,1.679,2021-09-08
10,오후 4:54:02.5,73.01353466824737,1.643,2021-09-08
10,오후 4:54:07.5,71.04198315231801,1.673,2021-09-08
10,오후 4:54:12.5,69.31247367223635,1.653,2021-09-08
10,오후 4:54:17.5,71.53366359223965,1.608,2021-09-08
10,오후 4:54:22.5,72.74042366970423,1.569,2021-09-08
10,오후 4:54:27.6,71.04518510357609,1.619,2021-09-08
10,오후 4:54:32.6,72.47249049518311,1.647,2021-09-08
10,오후 4:54:37.6,71.00784572726687,1.608,2021-09-08
10,오후 4:54:42.6,70.11937724252256,1.641,2021-09-08
10,오후 4:54:47.6,68.12181233844662,1.608,2021-09-08
10,오후 4:54:52.6,70.06197573575812,1.587,2021-09-08
10,오후 4:54:57.6,70.0864964282445,1.542,2021-09-08
10,오후 4:55:02.6,70.25677527359753,1.586,2021-09-08
10,오후 4:55:07.6,67.13914228339809,1.586,2021-09-08
10,오후 4:55:12.6,67.66042141558682,1.59,2021-09-08
10,오후 4:55:17.6,69.1776601448583,1.52,2021-09-08
10,오후 4:55:22.6,67.58643440551927,1.531,2021-09-08
10,오후 4:55:27.6,69.87710395778115,1.566,2021-09-08
10,오후 4:55:32.6,71.01353466824737,1.529,2021-09-08
10,오후 4:55:37.6,74.77022680477022,1.814097836197702,2021-09-08
10,오후 4:55:42.6,66.87178422074807,1.607,2021-09-08
10,오후 4:55:47.6,68.49957940787253,1.475,2021-09-08
10,오후 4:55:52.6,66.86391347156295,1.513,2021-09-08
10,오후 4:55:57.6,67.9081485396546,1.55,2021-09-08
10,오후 4:56:02.7,65.66209655792429,1.513,2021-09-08
11,오후 4:56:28.6,76.20403500015834,1.537,2021-09-08
11,오후 4:56:33.6,74.87178422074807,1.486,2021-09-08
11,오후 4:56:38.6,77.49957940787253,1.726,2021-09-08
11,오후 4:56:43.6,77.86391347156295,1.696,2021-09-08
11,오후 4:56:48.6,75.9081485396546,1.755,2021-09-08
11,오후 4:56:53.6,76.66209655792429,1.764,2021-09-08
11,오후 4:56:58.6,72.01093857044455,1.718,2021-09-08
11,오후 4:57:03.6,74.19333628680197,1.736,2021-09-08
11,오후 4:57:08.6,74.28386418628695,1.63,2021-09-08
11,오후 4:57:13.6,72.3394548018018,1.68,2021-09-08
11,오후 4:57:18.6,73.49933688835523,1.682,2021-09-08
11,오후 4:57:23.6,71.81608582210924,1.638,2021-09-08
11,오후 4:57:28.6,69.04198315231801,1.664,2021-09-08
11,오후 4:57:33.6,71.31247367223635,1.626,2021-09-08
11,오후 4:57:38.6,69.53366359223965,1.562,2021-09-08
11,오후 4:57:43.6,70.74042366970423,1.615,2021-09-08
11,오후 4:57:48.6,70.04518510357609,1.574,2021-09-08
11,오후 4:57:53.6,73.47249049518311,1.602,2021-09-08
11,오후 4:57:58.6,70.20403500015834,1.585,2021-09-08
11,오후 4:58:03.6,69.87178422074807,1.663,2021-09-08
11,오후 4:58:08.7,72.49957940787253,1.589,2021-09-08
11,오후 4:58:13.7,72.86391347156295,1.582,2021-09-08
11,오후 4:58:18.7,72.9081485396546,1.641,2021-09-08
11,오후 4:58:23.7,72.66209655792429,1.65,2021-09-08
11,오후 4:58:28.7,67.08489761472396,1.65,2021-09-08
11,오후 4:58:33.7,67.47081535284565,1.645,2021-09-08
11,오후 4:58:38.7,69.84317473479867,1.519,2021-09-08
11,오후 4:58:43.7,68.18546553761685,1.527,2021-09-08
11,오후 4:58:48.7,70.55671042933152,1.581,2021-09-08
11,오후 4:58:53.7,68.93957562396797,1.543,2021-09-08
11,오후 4:58:58.7,66.08489761472396,1.597,2021-09-08
11,오후 4:59:03.7,67.47081535284565,1.56,2021-09-08
11,오후 4:59:08.7,65.84317473479867,1.495,2021-09-08
11,오후 4:59:13.7,68.18546553761685,1.527,2021-09-08
11,오후 4:59:18.7,68.55671042933152,1.49,2021-09-08
11,오후 4:59:23.7,68.93957562396797,1.543,2021-09-08
12,오후 4:59:50.7,74.20403500015834,1.552,2021-09-08
12,오후 4:59:55.7,76.87178422074807,1.561,2021-09-08
12,오후 5:00:00.7,76.49957940787253,1.68,2021-09-08
12,오후 5:00:05.7,74.86391347156295,1.74,2021-09-08
12,오후 5:00:10.7,77.9081485396546,1.733,2021-09-08
12,오후 5:00:15.7,75.66209655792429,1.695,2021-09-08
12,오후 5:00:20.7,71.20403500015834,1.764,2021-09-08
12,오후 5:00:25.7,72.87178422074807,1.713,2021-09-08
12,오후 5:00:30.7,74.49957940787253,1.612,2021-09-08
12,오후 5:00:35.7,73.86391347156295,1.65,2021-09-08
12,오후 5:00:40.7,72.9081485396546,1.687,2021-09-08
12,오후 5:00:45.7,73.66209655792429,1.673,2021-09-08
12,오후 5:00:50.7,69.20403500015834,1.65,2021-09-08
12,오후 5:00:55.7,70.87178422074807,1.668,2021-09-08
12,오후 5:01:00.7,72.49957940787253,1.567,2021-09-08
12,오후 5:01:05.7,71.86391347156295,1.605,2021-09-08
12,오후 5:01:10.7,71.9081485396546,1.641,2021-09-08
12,오후 5:01:15.8,73.66209655792429,1.627,2021-09-08
12,오후 5:01:20.8,68.08489761472396,1.628,2021-09-08
12,오후 5:01:25.8,68.47081535284565,1.668,2021-09-08
12,오후 5:01:30.8,69.84317473479867,1.541,2021-09-08
12,오후 5:01:35.8,72.18546553761685,1.55,2021-09-08
12,오후 5:01:40.8,69.55671042933152,1.581,2021-09-08
12,오후 5:01:45.8,72.93957562396797,1.634,2021-09-08
12,오후 5:01:50.8,66.04198315231801,1.574,2021-09-08
12,오후 5:01:55.8,69.31247367223635,1.652,2021-09-08
12,오후 5:02:00.8,66.53366359223965,1.495,2021-09-08
12,오후 5:02:05.8,66.74042366970423,1.569,2021-09-08
12,오후 5:02:10.8,68.04518510357609,1.506,2021-09-08
12,오후 5:02:15.8,68.47249049518311,1.511,2021-09-08
12,오후 5:02:20.8,67.01093857044455,1.54,2021-09-08
12,오후 5:02:25.8,66.19333628680197,1.55,2021-09-08
12,오후 5:02:30.8,65.28386418628695,1.517,2021-09-08
12,오후 5:02:35.8,66.3394548018018,1.498,2021-09-08
12,오후 5:02:40.8,65.49933688835523,1.477,2021-09-08
12,오후 5:02:45.9,64.81608582210924,1.501,2021-09-08
13,오후 5:03:13.1,76.13914228339809,1.482,2021-09-08
13,오후 5:03:18.2,76.66042141558682,1.467,2021-09-08
13,오후 5:03:23.2,76.1776601448583,1.725,2021-09-08
13,오후 5:03:28.2,77.58643440551927,1.736,2021-09-08
13,오후 5:03:33.2,77.87710395778115,1.725,2021-09-08
13,오후 5:03:38.2,78.01353466824737,1.757,2021-09-08
13,오후 5:03:43.2,74.08489761472396,1.763,2021-09-08
13,오후 5:03:48.2,72.47081535284565,1.767,2021-09-08
13,오후 5:03:53.2,71.84317473479867,1.678,2021-09-08
13,오후 5:03:58.2,75.18546553761685,1.64,2021-09-08
13,오후 5:04:03.2,73.55671042933152,1.626,2021-09-08
13,오후 5:04:08.2,75.93957562396797,1.702,2021-09-08
13,오후 5:04:13.2,69.13914228339809,1.665,2021-09-08
13,오후 5:04:18.2,72.66042141558682,1.72,2021-09-08
13,오후 5:04:23.2,70.1776601448583,1.565,2021-09-08
13,오후 5:04:28.2,72.58643440551927,1.645,2021-09-08
13,오후 5:04:33.2,73.87710395778115,1.589,2021-09-08
13,오후 5:04:38.2,72.01353466824737,1.643,2021-09-08
13,오후 5:04:43.2,69.08489761472396,1.673,2021-09-08
13,오후 5:04:48.2,70.47081535284565,1.63,2021-09-08
13,오후 5:04:53.2,68.84317473479867,1.564,2021-09-08
13,오후 5:04:58.3,71.18546553761685,1.595,2021-09-08
13,오후 5:05:03.3,69.55671042933152,1.558,2021-09-08
13,오후 5:05:08.3,69.93957562396797,1.611,2021-09-08
13,오후 5:05:13.3,68.01093857044455,1.574,2021-09-08
13,오후 5:05:18.3,66.19333628680197,1.583,2021-09-08
13,오후 5:05:23.3,68.28386418628695,1.539,2021-09-08
13,오후 5:05:28.3,68.3394548018018,1.498,2021-09-08
13,오후 5:05:33.3,68.49933688835523,1.546,2021-09-08
13,오후 5:05:38.3,67.81608582210924,1.547,2021-09-08
13,오후 5:05:43.3,67.13914228339809,1.55,2021-09-08
13,오후 5:05:48.3,64.66042141558682,1.535,2021-09-08
13,오후 5:05:53.3,68.1776601448583,1.52,2021-09-08
13,오후 5:05:58.3,67.58643440551927,1.463,2021-09-08
13,오후 5:06:03.3,65.87710395778115,1.543,2021-09-08
13,오후 5:06:08.3,67.01353466824737,1.53,2021-09-08
14,오후 5:06:34.9,73.04198315231801,1.491,2021-09-08
14,오후 5:06:39.9,75.31247367223635,1.516,2021-09-08
14,오후 5:06:44.9,73.53366359223965,1.654,2021-09-08
14,오후 5:06:50.0,74.74042366970423,1.705,2021-09-08
14,오후 5:06:55.0,76.04518510357609,1.665,2021-09-08
14,오후 5:07:00.0,76.47249049518311,1.692,2021-09-08
14,오후 5:07:05.0,71.08489761472396,1.722,2021-09-08
14,오후 5:07:10.0,72.47081535284565,1.732,2021-09-08
14,오후 5:07:15.0,73.84317473479867,1.609,2021-09-08
14,오후 5:07:20.0,75.18546553761685,1.641,2021-09-08
14,오후 5:07:25.0,80.96112085179684,1.8156245532387287,2021-09-08
14,오후 5:07:30.0,74.93957562396797,1.702,2021-09-08
14,오후 5:07:35.0,70.08489761472396,1.688,2021-09-08
14,오후 5:07:40.0,72.47081535284565,1.697,2021-09-08
14,오후 5:07:45.0,72.84317473479867,1.586,2021-09-08
14,오후 5:07:50.0,70.18546553761685,1.64,2021-09-08
14,오후 5:07:55.0,72.55671042933152,1.649,2021-09-08
14,오후 5:08:00.0,71.93957562396797,1.588,2021-09-08
14,오후 5:08:05.0,70.01093857044455,1.642,2021-09-08
14,오후 5:08:10.0,68.19333628680197,1.629,2021-09-08
14,오후 5:08:15.0,71.28386418628695,1.585,2021-09-08
14,오후 5:08:20.0,68.3394548018018,1.543,2021-09-08
14,오후 5:08:25.0,69.49933688835523,1.614,2021-09-08
14,오후 5:08:30.0,70.81608582210924,1.547,2021-09-08
14,오후 5:08:35.0,67.20403500015834,1.573,2021-09-08
14,오후 5:08:40.0,69.87178422074807,1.603,2021-09-08
14,오후 5:08:45.0,69.49957940787253,1.521,2021-09-08
14,오후 5:08:50.1,70.86391347156295,1.582,2021-09-08
14,오후 5:08:55.1,68.9081485396546,1.573,2021-09-08
14,오후 5:09:00.1,70.66209655792429,1.604,2021-09-08
14,오후 5:09:05.1,67.13914228339809,1.56,2021-09-08
14,오후 5:09:10.1,67.66042141558682,1.6,2021-09-08
14,오후 5:09:15.1,68.1776601448583,1.519,2021-09-08
14,오후 5:09:20.1,67.58643440551927,1.531,2021-09-08
14,오후 5:09:25.1,65.87710395778115,1.543,2021-09-08
14,오후 5:09:30.1,68.01353466824737,1.53,2021-09-08
15,오후 5:09:57.9,86.23734334205025,1.7097470757084536,2021-09-08
15,오후 5:10:02.9,73.87178422074807,1.539,2021-09-08
15,오후 5:10:07.9,77.49957940787253,1.703,2021-09-08
15,오후 5:10:12.9,74.86391347156295,1.673,2021-09-08
15,오후 5:10:17.9,76.9081485396546,1.755,2021-09-08
15,오후 5:10:22.9,74.66209655792429,1.695,2021-09-08
15,오후 5:10:27.9,74.08489761472396,1.742,2021-09-08
15,오후 5:10:32.9,71.47081535284565,1.691,2021-09-08
15,오후 5:10:37.9,72.84317473479867,1.678,2021-09-08
15,오후 5:10:42.9,75.18546553761685,1.618,2021-09-08
15,오후 5:10:47.9,75.55671042933152,1.65,2021-09-08
15,오후 5:10:52.9,75.93957562396797,1.702,2021-09-08
15,오후 5:10:57.9,71.00784572726687,1.711,2021-09-08
15,오후 5:11:02.9,70.11937724252256,1.719,2021-09-08
15,오후 5:11:07.9,70.12181233844662,1.608,2021-09-08
15,오후 5:11:13.0,71.06197573575812,1.587,2021-09-08
15,오후 5:11:18.0,71.0864964282445,1.587,2021-09-08
15,오후 5:11:23.0,72.25677527359753,1.609,2021-09-08
15,오후 5:11:28.0,68.04198315231801,1.609,2021-09-08
15,오후 5:11:33.0,70.31247367223635,1.636,2021-09-08
15,오후 5:11:38.0,71.53366359223965,1.54,2021-09-08
15,오후 5:11:43.0,71.74042366970423,1.592,2021-09-08
15,오후 5:11:48.0,72.04518510357609,1.62,2021-09-08
15,오후 5:11:53.0,69.47249049518311,1.624,2021-09-08
15,오후 5:11:58.0,68.20403500015834,1.631,2021-09-08
15,오후 5:12:03.0,69.87178422074807,1.572,2021-09-08
15,오후 5:12:08.0,67.49957940787253,1.544,2021-09-08
15,오후 5:12:13.0,69.86391347156295,1.581,2021-09-08
15,오후 5:12:18.0,69.9081485396546,1.527,2021-09-08
15,오후 5:12:23.0,70.66209655792429,1.582,2021-09-08
15,오후 5:12:28.0,66.13914228339809,1.583,2021-09-08
15,오후 5:12:33.0,66.66042141558682,1.6,2021-09-08
15,오후 5:12:38.0,66.1776601448583,1.496,2021-09-08
15,오후 5:12:43.0,68.58643440551927,1.508,2021-09-08
15,오후 5:12:48.1,67.87710395778115,1.497,2021-09-08
15,오후 5:12:53.1,67.01353466824737,1.552,2021-09-08
16,오후 5:13:18.2,76.20403500015834,1.536,2021-09-08
16,오후 5:13:23.2,76.87178422074807,1.516,2021-09-08
16,오후 5:13:28.2,75.49957940787253,1.726,2021-09-08
16,오후 5:13:33.2,75.86391347156295,1.741,2021-09-08
16,오후 5:13:38.2,75.9081485396546,1.709,2021-09-08
16,오후 5:13:43.2,77.66209655792429,1.718,2021-09-08
16,오후 5:13:48.3,73.04198315231801,1.719,2021-09-08
16,오후 5:13:53.3,71.31247367223635,1.759,2021-09-08
16,오후 5:13:58.3,71.53366359223965,1.654,2021-09-08
16,오후 5:14:03.3,71.74042366970423,1.615,2021-09-08
16,오후 5:14:08.3,72.04518510357609,1.62,2021-09-08
16,오후 5:14:13.3,75.47249049518311,1.624,2021-09-08
16,오후 5:14:18.3,72.00784572726687,1.631,2021-09-08
16,오후 5:14:23.3,72.11937724252256,1.709,2021-09-08
16,오후 5:14:28.3,70.12181233844662,1.63,2021-09-08
16,오후 5:14:33.3,70.06197573575812,1.632,2021-09-08
16,오후 5:14:38.3,69.0864964282445,1.587,2021-09-08
16,오후 5:14:43.3,70.25677527359753,1.586,2021-09-08
16,오후 5:14:48.3,68.00784572726687,1.564,2021-09-08
16,오후 5:14:53.3,70.11937724252256,1.59,2021-09-08
16,오후 5:14:58.3,71.12181233844662,1.539,2021-09-08
16,오후 5:15:03.3,71.06197573575812,1.587,2021-09-08
16,오후 5:15:08.3,70.0864964282445,1.61,2021-09-08
16,오후 5:15:13.3,68.25677527359753,1.609,2021-09-08
16,오후 5:15:18.3,66.20403500015834,1.586,2021-09-08
16,오후 5:15:23.3,68.87178422074807,1.545,2021-09-08
16,오후 5:15:28.4,70.49957940787253,1.498,2021-09-08
16,오후 5:15:33.4,68.86391347156295,1.559,2021-09-08
16,오후 5:15:38.4,70.9081485396546,1.595,2021-09-08
16,오후 5:15:43.4,70.66209655792429,1.559,2021-09-08
16,오후 5:15:48.4,65.08489761472396,1.605,2021-09-08
16,오후 5:15:53.4,66.47081535284565,1.599,2021-09-08
16,오후 5:15:58.4,64.84317473479867,1.473,2021-09-08
16,오후 5:16:03.4,65.18546553761685,1.505,2021-09-08
16,오후 5:16:08.4,65.55671042933152,1.467,2021-09-08
16,오후 5:16:13.4,68.93957562396797,1.475,2021-09-08
17,오후 5:16:39.0,76.08489761472396,1.484,2021-09-08
17,오후 5:16:44.0,75.47081535284565,1.56,2021-09-08
17,오후 5:16:49.0,75.84317473479867,1.723,2021-09-08
17,오후 5:16:54.0,74.18546553761685,1.709,2021-09-08
17,오후 5:16:59.0,75.55671042933152,1.717,2021-09-08
17,오후 5:17:04.0,75.93957562396797,1.68,2021-09-08
17,오후 5:17:09.1,72.08489761472396,1.711,2021-09-08
17,오후 5:17:14.1,74.47081535284565,1.719,2021-09-08
17,오후 5:17:19.1,74.84317473479867,1.632,2021-09-08
17,오후 5:17:24.1,73.18546553761685,1.687,2021-09-08
17,오후 5:17:29.1,74.55671042933152,1.695,2021-09-08
17,오후 5:17:34.1,72.93957562396797,1.657,2021-09-08
17,오후 5:17:39.1,72.08489761472396,1.689,2021-09-08
17,오후 5:17:44.1,69.47081535284565,1.651,2021-09-08
17,오후 5:17:49.1,71.84317473479867,1.632,2021-09-08
17,오후 5:17:54.1,72.18546553761685,1.573,2021-09-08
17,오후 5:17:59.1,70.55671042933152,1.627,2021-09-08
17,오후 5:18:04.1,70.93957562396797,1.634,2021-09-08
17,오후 5:18:09.1,71.01093857044455,1.597,2021-09-08
17,오후 5:18:14.1,70.19333628680197,1.606,2021-09-08
17,오후 5:18:19.1,68.28386418628695,1.608,2021-09-08
17,오후 5:18:24.1,71.3394548018018,1.589,2021-09-08
17,오후 5:18:29.1,69.49933688835523,1.546,2021-09-08
17,오후 5:18:34.1,70.81608582210924,1.615,2021-09-08
17,오후 5:18:39.1,66.08489761472396,1.573,2021-09-08
17,오후 5:18:44.1,69.47081535284565,1.604,2021-09-08
17,오후 5:18:49.1,69.84317473479867,1.496,2021-09-08
17,오후 5:18:54.1,67.18546553761685,1.572,2021-09-08
17,오후 5:18:59.2,67.55671042933152,1.581,2021-09-08
17,오후 5:19:04.2,80.20052642479509,1.7430017136665656,2021-09-08
17,오후 5:19:09.2,65.01093857044455,1.529,2021-09-08
17,오후 5:19:14.2,65.19333628680197,1.583,2021-09-08
17,오후 5:19:19.2,71.68821584726702,1.6404328962823165,2021-09-08
17,오후 5:19:24.2,66.3394548018018,1.475,2021-09-08
17,오후 5:19:29.2,64.49933688835523,1.454,2021-09-08
17,오후 5:19:34.2,66.81608582210924,1.501,2021-09-08
18,오후 5:20:01.5,76.04198315231801,1.459,2021-09-08
18,오후 5:20:06.5,74.31247367223635,1.512,2021-09-08
18,오후 5:20:11.5,76.53366359223965,1.722,2021-09-08
18,오후 5:20:16.5,74.74042366970423,1.682,2021-09-08
18,오후 5:20:21.5,76.04518510357609,1.733,2021-09-08
18,오후 5:20:26.5,75.47249049518311,1.693,2021-09-08
18,오후 5:20:31.5,72.08489761472396,1.723,2021-09-08
18,오후 5:20:36.5,72.47081535284565,1.709,2021-09-08
18,오후 5:20:41.5,72.84317473479867,1.632,2021-09-08
18,오후 5:20:46.5,72.18546553761685,1.64,2021-09-08
18,오후 5:20:51.6,74.55671042933152,1.65,2021-09-08
18,오후 5:20:56.6,73.93957562396797,1.634,2021-09-08
18,오후 5:21:01.6,72.13914228339809,1.688,2021-09-08
18,오후 5:21:06.6,71.66042141558682,1.674,2021-09-08
18,오후 5:21:11.6,70.1776601448583,1.633,2021-09-08
18,오후 5:21:16.6,71.58643440551927,1.623,2021-09-08
18,오후 5:21:21.6,72.87710395778115,1.589,2021-09-08
18,오후 5:21:26.6,73.01353466824737,1.621,2021-09-08
18,오후 5:21:31.6,71.01093857044455,1.65,2021-09-08
18,오후 5:21:36.6,70.19333628680197,1.654,2021-09-08
18,오후 5:21:41.6,70.28386418628695,1.607,2021-09-08
18,오후 5:21:46.6,69.3394548018018,1.589,2021-09-08
18,오후 5:21:51.6,70.49933688835523,1.591,2021-09-08
18,오후 5:21:56.6,68.81608582210924,1.57,2021-09-08
18,오후 5:22:01.6,72.80615964475973,1.734024821498119,2021-09-08
18,오후 5:22:06.6,68.19333628680197,1.558,2021-09-08
18,오후 5:22:11.6,69.28386418628695,1.516,2021-09-08
18,오후 5:22:16.6,68.3394548018018,1.544,2021-09-08
18,오후 5:22:21.6,68.49933688835523,1.568,2021-09-08
18,오후 5:22:26.6,69.81608582210924,1.547,2021-09-08
18,오후 5:22:31.6,67.00784572726687,1.55,2021-09-08
18,오후 5:22:36.7,66.11937724252256,1.58,2021-09-08
18,오후 5:22:41.7,67.12181233844662,1.517,2021-09-08
18,오후 5:22:46.7,65.06197573575812,1.496,2021-09-08
18,오후 5:22:51.7,66.0864964282445,1.519,2021-09-08
18,오후 5:22:56.7,66.25677527359753,1.472,2021-09-08
19,오후 5:23:22.1,73.20403500015834,1.495,2021-09-08
19,오후 5:23:27.1,75.87178422074807,1.5,2021-09-08
19,오후 5:23:32.1,74.49957940787253,1.657,2021-09-08
19,오후 5:23:37.1,91.8646499880294,2.026914158855809,2021-09-08
19,오후 5:23:42.1,75.9081485396546,1.687,2021-09-08
19,오후 5:23:47.1,75.66209655792429,1.764,2021-09-08
19,오후 5:23:52.2,73.20403500015834,1.719,2021-09-08
19,오후 5:23:57.2,72.87178422074807,1.714,2021-09-08
19,오후 5:24:02.2,74.49957940787253,1.658,2021-09-08
19,오후 5:24:07.2,72.86391347156295,1.65,2021-09-08
19,오후 5:24:12.2,73.9081485396546,1.686,2021-09-08
19,오후 5:24:17.2,72.66209655792429,1.65,2021-09-08
19,오후 5:24:22.2,72.01093857044455,1.673,2021-09-08
19,오후 5:24:27.2,69.19333628680197,1.645,2021-09-08
19,오후 5:24:32.2,72.28386418628695,1.63,2021-09-08
19,오후 5:24:37.2,70.3394548018018,1.566,2021-09-08
19,오후 5:24:42.2,72.49933688835523,1.637,2021-09-08
19,오후 5:24:47.2,70.81608582210924,1.592,2021-09-08
19,오후 5:24:52.2,70.01093857044455,1.642,2021-09-08
19,오후 5:24:57.2,70.19333628680197,1.603,2021-09-08
19,오후 5:25:02.2,70.28386418628695,1.585,2021-09-08
19,오후 5:25:07.2,71.3394548018018,1.589,2021-09-08
19,오후 5:25:12.2,68.49933688835523,1.591,2021-09-08
19,오후 5:25:17.2,70.81608582210924,1.615,2021-09-08
19,오후 5:25:22.2,66.13914228339809,1.551,2021-09-08
19,오후 5:25:27.2,68.66042141558682,1.603,2021-09-08
19,오후 5:25:32.2,67.1776601448583,1.497,2021-09-08
19,오후 5:25:37.2,70.58643440551927,1.554,2021-09-08
19,오후 5:25:42.2,69.87710395778115,1.52,2021-09-08
19,오후 5:25:47.3,68.01353466824737,1.598,2021-09-08
19,오후 5:25:52.3,66.08489761472396,1.582,2021-09-08
19,오후 5:25:57.3,65.47081535284565,1.539,2021-09-08
19,오후 5:26:02.3,64.84317473479867,1.496,2021-09-08
19,오후 5:26:07.3,68.18546553761685,1.481,2021-09-08
19,오후 5:26:12.3,68.55671042933152,1.467,2021-09-08
19,오후 5:26:17.3,68.93957562396797,1.543,2021-09-08
20,오후 5:26:43.5,74.04198315231801,1.552,2021-09-08
20,오후 5:26:48.5,73.31247367223635,1.561,2021-09-08
20,오후 5:26:53.5,73.53366359223965,1.676,2021-09-08
20,오후 5:26:58.5,75.74042366970423,1.66,2021-09-08
20,오후 5:27:03.5,77.04518510357609,1.665,2021-09-08
20,오후 5:27:08.5,77.47249049518311,1.715,2021-09-08
20,오후 5:27:13.5,74.04198315231801,1.745,2021-09-08
20,오후 5:27:18.5,73.31247367223635,1.755,2021-09-08
20,오후 5:27:23.5,73.53366359223965,1.677,2021-09-08
20,오후 5:27:28.5,71.74042366970423,1.66,2021-09-08
20,오후 5:27:33.5,75.04518510357609,1.664,2021-09-08
20,오후 5:27:38.5,74.47249049518311,1.624,2021-09-08
20,오후 5:27:43.5,69.00784572726687,1.699,2021-09-08
20,오후 5:27:48.5,72.11937724252256,1.686,2021-09-08
20,오후 5:27:53.5,72.12181233844662,1.562,2021-09-08
20,오후 5:27:58.5,71.06197573575812,1.633,2021-09-08
20,오후 5:28:03.5,69.0864964282445,1.633,2021-09-08
20,오후 5:28:08.5,72.25677527359753,1.609,2021-09-08
20,오후 5:28:13.5,70.20403500015834,1.564,2021-09-08
20,오후 5:28:18.5,69.87178422074807,1.636,2021-09-08
20,오후 5:28:23.5,72.49957940787253,1.589,2021-09-08
20,오후 5:28:28.6,71.86391347156295,1.582,2021-09-08
20,오후 5:28:33.6,71.9081485396546,1.641,2021-09-08
20,오후 5:28:38.6,72.66209655792429,1.627,2021-09-08
20,오후 5:28:43.6,68.08489761472396,1.628,2021-09-08
20,오후 5:28:48.6,66.47081535284565,1.645,2021-09-08
20,오후 5:28:53.6,68.84317473479867,1.541,2021-09-08
20,오후 5:28:58.6,67.18546553761685,1.504,2021-09-08
20,오후 5:29:03.6,67.55671042933152,1.558,2021-09-08
20,오후 5:29:08.6,67.93957562396797,1.521,2021-09-08
20,오후 5:29:13.6,67.13914228339809,1.529,2021-09-08
20,오후 5:29:18.6,67.66042141558682,1.537,2021-09-08
20,오후 5:29:23.6,67.1776601448583,1.519,2021-09-08
20,오후 5:29:28.6,66.58643440551927,1.531,2021-09-08
20,오후 5:29:33.6,67.87710395778115,1.52,2021-09-08
20,오후 5:29:38.6,67.01353466824737,1.507,2021-09-08
21,오후 5:30:04.0,73.04198315231801,1.536,2021-09-08
21,오후 5:30:09.0,73.31247367223635,1.517,2021-09-08
21,오후 5:30:14.0,76.53366359223965,1.653,2021-09-08
21,오후 5:30:19.0,73.74042366970423,1.659,2021-09-08
21,오후 5:30:24.0,75.04518510357609,1.733,2021-09-08
21,오후 5:30:29.0,77.47249049518311,1.67,2021-09-08
21,오후 5:30:34.0,72.13914228339809,1.699,2021-09-08
21,오후 5:30:39.0,72.66042141558682,1.754,2021-09-08
21,오후 5:30:44.0,74.1776601448583,1.633,2021-09-08
21,오후 5:30:49.0,72.58643440551927,1.645,2021-09-08
21,오후 5:30:54.0,74.87710395778115,1.68,2021-09-08
21,오후 5:30:59.0,74.01353466824737,1.644,2021-09-08
21,오후 5:31:04.0,72.04198315231801,1.696,2021-09-08
21,오후 5:31:09.0,69.31247367223635,1.676,2021-09-08
21,오후 5:31:14.0,69.53366359223965,1.631,2021-09-08
21,오후 5:31:19.0,71.74042366970423,1.569,2021-09-08
21,오후 5:31:24.0,72.04518510357609,1.574,2021-09-08
21,오후 5:31:29.0,71.47249049518311,1.624,2021-09-08
21,오후 5:31:34.0,69.13914228339809,1.631,2021-09-08
21,오후 5:31:39.1,68.66042141558682,1.618,2021-09-08
21,오후 5:31:44.1,71.1776601448583,1.565,2021-09-08
21,오후 5:31:49.1,71.58643440551927,1.554,2021-09-08
21,오후 5:31:54.1,71.87710395778115,1.611,2021-09-08
21,오후 5:31:59.1,72.01353466824737,1.621,2021-09-08
21,오후 5:32:04.1,67.08489761472396,1.627,2021-09-08
21,오후 5:32:09.1,66.47081535284565,1.631,2021-09-08
21,오후 5:32:14.1,68.84317473479867,1.518,2021-09-08
21,오후 5:32:19.1,67.18546553761685,1.504,2021-09-08
21,오후 5:32:24.1,70.55671042933152,1.558,2021-09-08
21,오후 5:32:29.1,67.93957562396797,1.52,2021-09-08
21,오후 5:32:34.1,67.08489761472396,1.597,2021-09-08
21,오후 5:32:39.1,66.47081535284565,1.538,2021-09-08
21,오후 5:32:44.1,66.84317473479867,1.518,2021-09-08
21,오후 5:32:49.1,65.18546553761685,1.504,2021-09-08
21,오후 5:32:54.1,68.55671042933152,1.513,2021-09-08
21,오후 5:32:59.1,66.93957562396797,1.475,2021-09-08
22,오후 5:33:24.6,74.04198315231801,1.552,2021-09-08
22,오후 5:33:29.6,74.31247367223635,1.515,2021-09-08
22,오후 5:33:34.6,76.53366359223965,1.677,2021-09-08
22,오후 5:33:39.6,75.74042366970423,1.683,2021-09-08
22,오후 5:33:44.6,74.04518510357609,1.733,2021-09-08
22,오후 5:33:49.6,75.47249049518311,1.715,2021-09-08
22,오후 5:33:54.6,72.01093857044455,1.677,2021-09-08
22,오후 5:33:59.7,72.19333628680197,1.709,2021-09-08
22,오후 5:34:04.7,79.49449067661863,1.8177468531204457,2021-09-08
22,오후 5:34:09.7,72.3394548018018,1.635,2021-09-08
22,오후 5:34:14.7,74.49933688835523,1.614,2021-09-08
22,오후 5:34:19.7,73.81608582210924,1.637,2021-09-08
22,오후 5:34:24.7,70.00784572726687,1.687,2021-09-08
22,오후 5:34:29.7,70.11937724252256,1.671,2021-09-08
22,오후 5:34:34.7,69.12181233844662,1.585,2021-09-08
22,오후 5:34:39.7,69.06197573575812,1.587,2021-09-08
22,오후 5:34:44.7,72.0864964282445,1.564,2021-09-08
22,오후 5:34:49.7,70.25677527359753,1.563,2021-09-08
22,오후 5:34:54.7,68.04198315231801,1.632,2021-09-08
22,오후 5:34:59.7,71.31247367223635,1.59,2021-09-08
22,오후 5:35:04.7,69.53366359223965,1.54,2021-09-08
22,오후 5:35:09.7,69.74042366970423,1.614,2021-09-08
22,오후 5:35:14.7,70.04518510357609,1.574,2021-09-08
22,오후 5:35:19.7,70.47249049518311,1.579,2021-09-08
22,오후 5:35:24.7,68.01093857044455,1.585,2021-09-08
22,오후 5:35:29.8,68.19333628680197,1.595,2021-09-08
22,오후 5:35:34.8,67.28386418628695,1.539,2021-09-08
22,오후 5:35:39.8,69.3394548018018,1.543,2021-09-08
22,오후 5:35:44.8,68.49933688835523,1.522,2021-09-08
22,오후 5:35:49.8,66.81608582210924,1.569,2021-09-08
22,오후 5:35:54.8,64.08489761472396,1.551,2021-09-08
22,오후 5:35:59.8,65.47081535284565,1.512,2021-09-08
22,오후 5:36:04.8,67.84317473479867,1.45,2021-09-08
22,오후 5:36:09.8,66.18546553761685,1.481,2021-09-08
22,오후 5:36:14.8,65.55671042933152,1.536,2021-09-08
22,오후 5:36:19.8,66.93957562396797,1.498,2021-09-08
23,오후 5:36:45.7,73.13914228339809,1.484,2021-09-08
23,오후 5:36:50.7,76.66042141558682,1.515,2021-09-08
23,오후 5:36:55.7,77.1776601448583,1.656,2021-09-08
23,오후 5:37:00.7,74.58643440551927,1.736,2021-09-08
23,오후 5:37:05.7,76.87710395778115,1.748,2021-09-08
23,오후 5:37:10.7,78.01353466824737,1.689,2021-09-08
23,오후 5:37:15.8,71.04198315231801,1.741,2021-09-08
23,오후 5:37:20.8,72.31247367223635,1.767,2021-09-08
23,오후 5:37:25.8,74.53366359223965,1.608,2021-09-08
23,오후 5:37:30.8,72.74042366970423,1.637,2021-09-08
23,오후 5:37:35.8,75.04518510357609,1.688,2021-09-08
23,오후 5:37:40.8,73.47249049518311,1.647,2021-09-08
23,오후 5:37:45.8,71.20403500015834,1.7,2021-09-08
23,오후 5:37:50.8,70.87178422074807,1.664,2021-09-08
23,오후 5:37:55.8,70.49957940787253,1.612,2021-09-08
23,오후 5:38:00.8,71.86391347156295,1.604,2021-09-08
23,오후 5:38:05.8,70.9081485396546,1.596,2021-09-08
23,오후 5:38:10.8,72.66209655792429,1.627,2021-09-08
23,오후 5:38:15.8,69.01093857044455,1.605,2021-09-08
23,오후 5:38:20.8,68.19333628680197,1.645,2021-09-08
23,오후 5:38:25.8,68.28386418628695,1.562,2021-09-08
23,오후 5:38:30.8,70.3394548018018,1.544,2021-09-08
23,오후 5:38:35.8,68.49933688835523,1.546,2021-09-08
23,오후 5:38:40.8,71.81608582210924,1.592,2021-09-08
23,오후 5:38:45.8,69.04198315231801,1.551,2021-09-08
23,오후 5:38:50.8,66.31247367223635,1.626,2021-09-08
23,오후 5:38:55.8,67.53366359223965,1.563,2021-09-08
23,오후 5:39:00.9,69.74042366970423,1.501,2021-09-08
23,오후 5:39:05.9,68.04518510357609,1.528,2021-09-08
23,오후 5:39:10.9,69.47249049518311,1.578,2021-09-08
23,오후 5:39:15.9,66.01093857044455,1.54,2021-09-08
23,오후 5:39:20.9,66.79362333852819,1.610587551866446,2021-09-08
23,오후 5:39:25.9,66.28386418628695,1.494,2021-09-08
23,오후 5:39:30.9,65.3394548018018,1.476,2021-09-08
23,오후 5:39:35.9,67.49933688835523,1.5,2021-09-08
23,오후 5:39:40.9,64.81608582210924,1.479,2021-09-08
24,오후 5:40:07.6,75.00784572726687,1.528,2021-09-08
24,오후 5:40:12.6,73.11937724252256,1.466,2021-09-08
24,오후 5:40:17.6,74.12181233844662,1.698,2021-09-08
24,오후 5:40:22.6,76.06197573575812,1.655,2021-09-08
24,오후 5:40:27.6,74.0864964282445,1.679,2021-09-08
24,오후 5:40:32.6,75.25677527359753,1.722,2021-09-08
24,오후 5:40:37.6,73.01093857044455,1.677,2021-09-08
24,오후 5:40:42.6,72.19333628680197,1.704,2021-09-08
24,오후 5:40:47.6,72.28386418628695,1.653,2021-09-08
24,오후 5:40:52.6,74.3394548018018,1.634,2021-09-08
24,오후 5:40:57.6,73.49933688835523,1.636,2021-09-08
24,오후 5:41:02.6,71.81608582210924,1.684,2021-09-08
24,오후 5:41:07.6,70.13914228339809,1.664,2021-09-08
24,오후 5:41:12.6,72.66042141558682,1.625,2021-09-08
24,오후 5:41:17.6,71.1776601448583,1.588,2021-09-08
24,오후 5:41:22.6,73.58643440551927,1.645,2021-09-08
24,오후 5:41:27.6,73.87710395778115,1.612,2021-09-08
24,오후 5:41:32.7,71.01353466824737,1.667,2021-09-08
24,오후 5:41:37.7,68.04198315231801,1.673,2021-09-08
24,오후 5:41:42.7,68.31247367223635,1.608,2021-09-08
24,오후 5:41:47.7,71.53366359223965,1.54,2021-09-08
24,오후 5:41:52.7,69.74042366970423,1.546,2021-09-08
24,오후 5:41:57.7,72.04518510357609,1.619,2021-09-08
24,오후 5:42:02.7,81.95833777179045,1.810657701236518,2021-09-08
24,오후 5:42:07.7,66.00784572726687,1.631,2021-09-08
24,오후 5:42:12.7,66.11937724252256,1.618,2021-09-08
24,오후 5:42:17.7,67.12181233844662,1.493,2021-09-08
24,오후 5:42:22.7,66.06197573575812,1.496,2021-09-08
24,오후 5:42:27.7,68.0864964282445,1.519,2021-09-08
24,오후 5:42:32.7,68.25677527359753,1.495,2021-09-08
24,오후 5:42:37.7,64.13914228339809,1.541,2021-09-08
24,오후 5:42:42.7,64.66042141558682,1.545,2021-09-08
24,오후 5:42:47.7,66.1776601448583,1.452,2021-09-08
24,오후 5:42:52.7,65.58643440551927,1.463,2021-09-08
24,오후 5:42:57.7,68.87710395778115,1.498,2021-09-08
24,오후 5:43:02.7,66.01353466824737,1.484,2021-09-08
25,오후 5:43:27.8,74.00784572726687,1.559,2021-09-08
25,오후 5:43:32.8,73.11937724252256,1.494,2021-09-08
25,오후 5:43:37.8,75.12181233844662,1.675,2021-09-08
25,오후 5:43:42.8,76.06197573575812,1.655,2021-09-08
25,오후 5:43:47.8,75.0864964282445,1.701,2021-09-08
25,오후 5:43:52.8,73.25677527359753,1.723,2021-09-08
25,오후 5:43:57.8,73.20403500015834,1.7,2021-09-08
25,오후 5:44:02.8,74.87178422074807,1.659,2021-09-08
25,오후 5:44:07.8,74.49957940787253,1.657,2021-09-08
25,오후 5:44:12.8,74.86391347156295,1.695,2021-09-08
25,오후 5:44:17.8,74.9081485396546,1.687,2021-09-08
25,오후 5:44:22.8,75.66209655792429,1.695,2021-09-08
25,오후 5:44:27.8,72.20403500015834,1.696,2021-09-08
25,오후 5:44:32.9,70.87178422074807,1.713,2021-09-08
25,오후 5:44:37.9,73.49957940787253,1.635,2021-09-08
25,오후 5:44:42.9,73.86391347156295,1.604,2021-09-08
25,오후 5:44:47.9,72.9081485396546,1.664,2021-09-08
25,오후 5:44:52.9,72.66209655792429,1.672,2021-09-08
25,오후 5:44:57.9,69.00784572726687,1.651,2021-09-08
25,오후 5:45:02.9,69.11937724252256,1.645,2021-09-08
25,오후 5:45:07.9,71.12181233844662,1.562,2021-09-08
25,오후 5:45:12.9,69.06197573575812,1.565,2021-09-08
25,오후 5:45:17.9,69.0864964282445,1.61,2021-09-08
25,오후 5:45:22.9,71.25677527359753,1.563,2021-09-08
25,오후 5:45:27.9,68.13914228339809,1.563,2021-09-08
25,오후 5:45:32.9,67.66042141558682,1.613,2021-09-08
25,오후 5:45:37.9,67.1776601448583,1.542,2021-09-08
25,오후 5:45:42.9,67.58643440551927,1.531,2021-09-08
25,오후 5:45:47.9,69.87710395778115,1.52,2021-09-08
25,오후 5:45:52.9,68.01353466824737,1.53,2021-09-08
25,오후 5:45:58.0,66.04198315231801,1.582,2021-09-08
25,오후 5:46:03.0,65.31247367223635,1.539,2021-09-08
25,오후 5:46:08.0,65.53366359223965,1.494,2021-09-08
25,오후 5:46:13.0,65.74042366970423,1.478,2021-09-08
25,오후 5:46:18.0,65.04518510357609,1.483,2021-09-08
25,오후 5:46:23.0,65.47249049518311,1.488,2021-09-08
26,오후 5:46:49.7,74.13914228339809,1.472,2021-09-08
26,오후 5:46:54.7,75.66042141558682,1.482,2021-09-08
26,오후 5:46:59.7,74.1776601448583,1.679,2021-09-08
26,오후 5:47:04.7,77.58643440551927,1.714,2021-09-08
26,오후 5:47:09.7,77.87710395778115,1.679,2021-09-08
26,오후 5:47:14.7,76.01353466824737,1.758,2021-09-08
26,오후 5:47:19.7,73.04198315231801,1.764,2021-09-08
26,오후 5:47:24.8,72.31247367223635,1.721,2021-09-08
26,오후 5:47:29.8,71.53366359223965,1.654,2021-09-08
26,오후 5:47:34.8,71.74042366970423,1.637,2021-09-08
26,오후 5:47:39.8,75.04518510357609,1.62,2021-09-08
26,오후 5:47:44.8,75.47249049518311,1.624,2021-09-08
26,오후 5:47:49.8,69.00784572726687,1.7,2021-09-08
26,오후 5:47:54.8,71.11937724252256,1.709,2021-09-08
26,오후 5:47:59.8,69.12181233844662,1.562,2021-09-08
26,오후 5:48:04.8,72.06197573575812,1.61,2021-09-08
26,오후 5:48:09.8,70.0864964282445,1.564,2021-09-08
26,오후 5:48:14.8,71.25677527359753,1.632,2021-09-08
26,오후 5:48:19.8,68.13914228339809,1.587,2021-09-08
26,오후 5:48:24.8,68.66042141558682,1.613,2021-09-08
26,오후 5:48:29.8,69.1776601448583,1.542,2021-09-08
26,오후 5:48:34.8,69.58643440551927,1.554,2021-09-08
26,오후 5:48:39.8,78.05133657980865,1.700519168882685,2021-09-08
26,오후 5:48:44.8,73.01353466824737,1.576,2021-09-08
26,오후 5:48:49.8,68.13914228339809,1.627,2021-09-08
26,오후 5:48:54.8,67.66042141558682,1.653,2021-09-08
26,오후 5:48:59.9,70.1776601448583,1.542,2021-09-08
26,오후 5:49:04.9,70.58643440551927,1.531,2021-09-08
26,오후 5:49:09.9,67.87710395778115,1.589,2021-09-08
26,오후 5:49:14.9,69.01353466824737,1.598,2021-09-08
26,오후 5:49:19.9,66.01093857044455,1.537,2021-09-08
26,오후 5:49:24.9,64.19333628680197,1.562,2021-09-08
26,오후 5:49:29.9,65.28386418628695,1.494,2021-09-08
26,오후 5:49:34.9,64.3394548018018,1.453,2021-09-08
26,오후 5:49:39.9,65.49933688835523,1.478,2021-09-08
26,오후 5:49:44.9,65.81608582210924,1.456,2021-09-08
27,오후 5:50:12.4,75.00784572726687,1.482,2021-09-08
27,오후 5:50:17.4,73.11937724252256,1.489,2021-09-08
27,오후 5:50:22.4,75.12181233844662,1.698,2021-09-08
27,오후 5:50:27.4,75.06197573575812,1.656,2021-09-08
27,오후 5:50:32.4,73.0864964282445,1.701,2021-09-08
27,오후 5:50:37.4,75.25677527359753,1.699,2021-09-08
27,오후 5:50:42.4,72.08489761472396,1.655,2021-09-08
27,오후 5:50:47.4,74.47081535284565,1.704,2021-09-08
27,오후 5:50:52.4,71.84317473479867,1.632,2021-09-08
27,오후 5:50:57.4,75.18546553761685,1.687,2021-09-08
27,오후 5:51:02.4,73.55671042933152,1.626,2021-09-08
27,오후 5:51:07.4,75.93957562396797,1.703,2021-09-08
27,오후 5:51:12.4,71.01093857044455,1.665,2021-09-08
27,오후 5:51:17.4,69.19333628680197,1.719,2021-09-08
27,오후 5:51:22.4,70.28386418628695,1.608,2021-09-08
27,오후 5:51:27.5,70.3394548018018,1.566,2021-09-08
27,오후 5:51:32.5,71.49933688835523,1.591,2021-09-08
27,오후 5:51:37.5,70.81608582210924,1.592,2021-09-08
27,오후 5:51:42.5,70.20403500015834,1.618,2021-09-08
27,오후 5:51:47.5,69.87178422074807,1.603,2021-09-08
27,오후 5:51:52.5,71.49957940787253,1.589,2021-09-08
27,오후 5:51:57.5,70.86391347156295,1.581,2021-09-08
27,오후 5:52:02.5,70.9081485396546,1.619,2021-09-08
27,오후 5:52:07.5,70.66209655792429,1.604,2021-09-08
27,오후 5:52:12.5,68.00784572726687,1.605,2021-09-08
27,오후 5:52:17.5,67.11937724252256,1.6,2021-09-08
27,오후 5:52:22.5,69.12181233844662,1.539,2021-09-08
27,오후 5:52:27.5,68.06197573575812,1.519,2021-09-08
27,오후 5:52:32.5,69.0864964282445,1.565,2021-09-08
27,오후 5:52:37.5,67.25677527359753,1.541,2021-09-08
27,오후 5:52:42.5,65.01093857044455,1.564,2021-09-08
27,오후 5:52:47.5,64.19333628680197,1.522,2021-09-08
27,오후 5:52:52.5,64.28386418628695,1.471,2021-09-08
27,오후 5:52:57.5,66.3394548018018,1.452,2021-09-08
27,오후 5:53:02.5,65.49933688835523,1.455,2021-09-08
27,오후 5:53:07.5,65.81608582210924,1.501,2021-09-08
28,오후 5:53:33.3,75.13914228339809,1.482,2021-09-08
28,오후 5:53:38.3,74.66042141558682,1.489,2021-09-08
28,오후 5:53:43.3,74.1776601448583,1.701,2021-09-08
28,오후 5:53:48.3,74.58643440551927,1.69,2021-09-08
28,오후 5:53:53.3,76.87710395778115,1.679,2021-09-08
28,오후 5:53:58.3,78.01353466824737,1.689,2021-09-08
28,오후 5:54:03.3,74.08489761472396,1.74,2021-09-08
28,오후 5:54:08.3,73.47081535284565,1.767,2021-09-08
28,오후 5:54:13.3,71.84317473479867,1.678,2021-09-08
28,오후 5:54:18.3,74.18546553761685,1.664,2021-09-08
28,오후 5:54:23.3,74.55671042933152,1.627,2021-09-08
28,오후 5:54:28.3,75.93957562396797,1.68,2021-09-08
28,오후 5:54:33.3,69.01093857044455,1.688,2021-09-08
28,오후 5:54:38.4,70.19333628680197,1.72,2021-09-08
28,오후 5:54:43.4,72.28386418628695,1.562,2021-09-08
28,오후 5:54:48.4,69.3394548018018,1.588,2021-09-08
28,오후 5:54:53.4,69.49933688835523,1.637,2021-09-08
28,오후 5:54:58.4,72.81608582210924,1.569,2021-09-08
28,오후 5:55:03.4,68.20403500015834,1.573,2021-09-08
28,오후 5:55:08.4,69.87178422074807,1.649,2021-09-08
28,오후 5:55:13.4,71.49957940787253,1.543,2021-09-08
28,오후 5:55:18.4,69.86391347156295,1.582,2021-09-08
28,오후 5:55:23.4,70.9081485396546,1.618,2021-09-08
28,오후 5:55:28.4,72.66209655792429,1.581,2021-09-08
28,오후 5:55:33.4,68.01093857044455,1.606,2021-09-08
28,오후 5:55:38.4,67.19333628680197,1.646,2021-09-08
28,오후 5:55:43.4,69.28386418628695,1.539,2021-09-08
28,오후 5:55:48.4,68.3394548018018,1.521,2021-09-08
28,오후 5:55:53.4,66.49933688835523,1.568,2021-09-08
28,오후 5:55:58.4,68.81608582210924,1.547,2021-09-08
28,오후 5:56:03.4,66.01093857044455,1.505,2021-09-08
28,오후 5:56:08.4,65.19333628680197,1.558,2021-09-08
28,오후 5:56:13.4,66.28386418628695,1.494,2021-09-08
28,오후 5:56:18.4,64.3394548018018,1.475,2021-09-08
28,오후 5:56:23.4,65.49933688835523,1.5,2021-09-08
28,오후 5:56:28.5,67.81608582210924,1.456,2021-09-08
29,오후 5:56:54.0,76.13914228339809,1.482,2021-09-08
29,오후 5:56:59.0,76.66042141558682,1.535,2021-09-08
29,오후 5:57:04.0,74.1776601448583,1.725,2021-09-08
29,오후 5:57:09.0,75.58643440551927,1.736,2021-09-08
29,오후 5:57:14.0,77.87710395778115,1.68,2021-09-08
29,오후 5:57:19.0,78.01353466824737,1.711,2021-09-08
29,오후 5:57:24.0,72.13914228339809,1.764,2021-09-08
29,오후 5:57:29.0,73.66042141558682,1.767,2021-09-08
29,오후 5:57:34.0,74.1776601448583,1.633,2021-09-08
29,오후 5:57:39.0,72.58643440551927,1.668,2021-09-08
29,오후 5:57:44.0,72.87710395778115,1.68,2021-09-08
29,오후 5:57:49.0,74.01353466824737,1.644,2021-09-08
29,오후 5:57:54.0,71.20403500015834,1.65,2021-09-08
29,오후 5:57:59.0,69.87178422074807,1.676,2021-09-08
29,오후 5:58:04.0,72.49957940787253,1.612,2021-09-08
29,오후 5:58:09.0,70.86391347156295,1.582,2021-09-08
29,오후 5:58:14.0,73.9081485396546,1.641,2021-09-08
29,오후 5:58:19.0,71.66209655792429,1.604,2021-09-08
29,오후 5:58:24.1,69.08489761472396,1.673,2021-09-08
29,오후 5:58:29.1,70.47081535284565,1.622,2021-09-08
29,오후 5:58:34.1,69.84317473479867,1.563,2021-09-08
29,오후 5:58:39.1,70.18546553761685,1.595,2021-09-08
29,오후 5:58:44.1,71.55671042933152,1.581,2021-09-08
29,오후 5:58:49.1,71.93957562396797,1.589,2021-09-08
29,오후 5:58:54.1,68.13914228339809,1.62,2021-09-08
29,오후 5:58:59.1,66.66042141558682,1.629,2021-09-08
29,오후 5:59:04.1,67.1776601448583,1.543,2021-09-08
29,오후 5:59:09.1,70.58643440551927,1.509,2021-09-08
29,오후 5:59:14.1,69.87710395778115,1.52,2021-09-08
29,오후 5:59:19.1,71.01353466824737,1.597,2021-09-08
29,오후 5:59:24.1,67.08489761472396,1.582,2021-09-08
29,오후 5:59:29.1,66.47081535284565,1.608,2021-09-08
29,오후 5:59:34.1,66.84317473479867,1.518,2021-09-08
29,오후 5:59:39.1,67.18546553761685,1.504,2021-09-08
29,오후 5:59:44.1,67.55671042933152,1.513,2021-09-08
29,오후 5:59:49.1,67.93957562396797,1.52,2021-09-08
30,오후 6:00:14.6,73.20403500015834,1.529,2021-09-08
30,오후 6:00:19.7,76.87178422074807,1.537,2021-09-08
30,오후 6:00:24.7,75.49957940787253,1.658,2021-09-08
30,오후 6:00:29.7,75.86391347156295,1.741,2021-09-08
30,오후 6:00:34.7,76.9081485396546,1.71,2021-09-08
30,오후 6:00:39.7,74.66209655792429,1.718,2021-09-08
30,오후 6:00:44.7,71.20403500015834,1.741,2021-09-08
30,오후 6:00:49.7,72.87178422074807,1.691,2021-09-08
30,오후 6:00:54.7,74.49957940787253,1.612,2021-09-08
30,오후 6:00:59.7,74.86391347156295,1.65,2021-09-08
30,오후 6:01:04.7,73.9081485396546,1.687,2021-09-08
30,오후 6:01:09.7,73.66209655792429,1.696,2021-09-08
30,오후 6:01:14.7,70.00784572726687,1.674,2021-09-08
30,오후 6:01:19.7,69.11937724252256,1.668,2021-09-08
30,오후 6:01:24.7,69.12181233844662,1.585,2021-09-08
30,오후 6:01:29.7,82.46908822292295,1.7910156049861266,2021-09-08
30,오후 6:01:34.7,71.0864964282445,1.564,2021-09-08
30,오후 6:01:39.7,72.25677527359753,1.631,2021-09-08
30,오후 6:01:44.7,68.08489761472396,1.61,2021-09-08
30,오후 6:01:49.7,68.47081535284565,1.636,2021-09-08
30,오후 6:01:54.7,68.84317473479867,1.541,2021-09-08
30,오후 6:01:59.8,72.18546553761685,1.55,2021-09-08
30,오후 6:02:04.8,71.55671042933152,1.558,2021-09-08
30,오후 6:02:09.8,70.93957562396797,1.634,2021-09-08
30,오후 6:02:14.8,67.00784572726687,1.62,2021-09-08
30,오후 6:02:19.8,69.11937724252256,1.606,2021-09-08
30,오후 6:02:24.8,69.12181233844662,1.517,2021-09-08
30,오후 6:02:29.8,68.06197573575812,1.564,2021-09-08
30,오후 6:02:34.8,66.0864964282445,1.565,2021-09-08
30,오후 6:02:39.8,68.25677527359753,1.54,2021-09-08
30,오후 6:02:44.8,65.08489761472396,1.495,2021-09-08
30,오후 6:02:49.8,66.47081535284565,1.545,2021-09-08
30,오후 6:02:54.8,64.84317473479867,1.473,2021-09-08
30,오후 6:02:59.8,65.18546553761685,1.504,2021-09-08
30,오후 6:03:04.8,67.55671042933152,1.467,2021-09-08
30,오후 6:03:09.8,66.93957562396797,1.475,2021-09-08
31,오후 6:03:37.4,73.13914228339809,1.529,2021-09-08
31,오후 6:03:42.4,74.66042141558682,1.515,2021-09-08
31,오후 6:03:47.4,74.1776601448583,1.655,2021-09-08
31,오후 6:03:52.4,77.58643440551927,1.69,2021-09-08
31,오후 6:03:57.4,75.87710395778115,1.68,2021-09-08
31,오후 6:04:02.4,78.01353466824737,1.757,2021-09-08
31,오후 6:04:07.4,73.08489761472396,1.718,2021-09-08
31,오후 6:04:12.4,72.47081535284565,1.766,2021-09-08
31,오후 6:04:17.4,74.84317473479867,1.654,2021-09-08
31,오후 6:04:22.4,72.18546553761685,1.641,2021-09-08
31,오후 6:04:27.4,74.55671042933152,1.695,2021-09-08
31,오후 6:04:32.4,73.93957562396797,1.634,2021-09-08
31,오후 6:04:37.4,72.20403500015834,1.688,2021-09-08
31,오후 6:04:42.5,69.87178422074807,1.675,2021-09-08
31,오후 6:04:47.5,73.49957940787253,1.635,2021-09-08
31,오후 6:04:52.5,71.86391347156295,1.581,2021-09-08
31,오후 6:04:57.5,70.9081485396546,1.664,2021-09-08
31,오후 6:05:02.5,70.66209655792429,1.627,2021-09-08
31,오후 6:05:07.5,70.04198315231801,1.605,2021-09-08
31,오후 6:05:12.5,69.31247367223635,1.599,2021-09-08
31,오후 6:05:17.5,69.53366359223965,1.585,2021-09-08
31,오후 6:05:22.5,70.74042366970423,1.569,2021-09-08
31,오후 6:05:27.5,71.04518510357609,1.574,2021-09-08
31,오후 6:05:32.5,72.47249049518311,1.601,2021-09-08
31,오후 6:05:37.5,68.08489761472396,1.608,2021-09-08
31,오후 6:05:42.5,69.47081535284565,1.641,2021-09-08
31,오후 6:05:47.5,69.84317473479867,1.541,2021-09-08
31,오후 6:05:52.5,69.18546553761685,1.572,2021-09-08
31,오후 6:05:57.5,67.55671042933152,1.581,2021-09-08
31,오후 6:06:02.5,69.93957562396797,1.566,2021-09-08
31,오후 6:06:07.5,64.01093857044455,1.529,2021-09-08
31,오후 6:06:12.5,66.19333628680197,1.583,2021-09-08
31,오후 6:06:17.5,64.28386418628695,1.448,2021-09-08
31,오후 6:06:22.5,64.3394548018018,1.498,2021-09-08
31,오후 6:06:27.5,75.27405350707028,1.6225899823866556,2021-09-08
31,오후 6:06:32.5,65.81608582210924,1.456,2021-09-08
32,오후 6:06:59.0,73.08489761472396,1.527,2021-09-08
32,오후 6:07:04.0,73.47081535284565,1.49,2021-09-08
32,오후 6:07:09.0,75.84317473479867,1.655,2021-09-08
32,오후 6:07:14.0,77.18546553761685,1.664,2021-09-08
32,오후 6:07:19.0,75.55671042933152,1.717,2021-09-08
32,오후 6:07:24.0,75.93957562396797,1.748,2021-09-08
32,오후 6:07:29.0,73.08489761472396,1.711,2021-09-08
32,오후 6:07:34.1,72.47081535284565,1.72,2021-09-08
32,오후 6:07:39.1,71.84317473479867,1.655,2021-09-08
32,오후 6:07:44.1,74.18546553761685,1.641,2021-09-08
32,오후 6:07:49.1,72.55671042933152,1.627,2021-09-08
32,오후 6:07:54.1,72.93957562396797,1.68,2021-09-08
32,오후 6:07:59.1,70.13914228339809,1.643,2021-09-08
32,오후 6:08:04.1,69.66042141558682,1.651,2021-09-08
32,오후 6:08:09.1,72.1776601448583,1.587,2021-09-08
32,오후 6:08:14.1,72.58643440551927,1.577,2021-09-08
32,오후 6:08:19.1,71.87710395778115,1.634,2021-09-08
32,오후 6:08:24.1,73.01353466824737,1.643,2021-09-08
32,오후 6:08:29.1,68.20403500015834,1.628,2021-09-08
32,오후 6:08:34.1,70.87178422074807,1.653,2021-09-08
32,오후 6:08:39.1,70.49957940787253,1.544,2021-09-08
32,오후 6:08:44.1,72.86391347156295,1.604,2021-09-08
32,오후 6:08:49.1,71.9081485396546,1.596,2021-09-08
32,오후 6:08:54.1,70.66209655792429,1.649,2021-09-08
32,오후 6:08:59.1,69.04198315231801,1.628,2021-09-08
32,오후 6:09:04.1,66.31247367223635,1.6,2021-09-08
32,오후 6:09:09.1,67.53366359223965,1.562,2021-09-08
32,오후 6:09:14.2,69.74042366970423,1.501,2021-09-08
32,오후 6:09:19.2,70.04518510357609,1.528,2021-09-08
32,오후 6:09:24.2,70.47249049518311,1.579,2021-09-08
32,오후 6:09:29.2,67.04198315231801,1.586,2021-09-08
32,오후 6:09:34.2,67.31247367223635,1.596,2021-09-08
32,오후 6:09:39.2,64.53366359223965,1.517,2021-09-08
32,오후 6:09:44.2,67.74042366970423,1.524,2021-09-08
32,오후 6:09:49.2,66.04518510357609,1.46,2021-09-08
32,오후 6:09:54.2,68.47249049518311,1.533,2021-09-08
33,오후 6:10:20.8,74.08489761472396,1.495,2021-09-08
33,오후 6:10:25.8,73.47081535284565,1.55,2021-09-08
33,오후 6:10:30.8,76.84317473479867,1.677,2021-09-08
33,오후 6:10:35.8,77.18546553761685,1.663,2021-09-08
33,오후 6:10:40.8,77.55671042933152,1.74,2021-09-08
33,오후 6:10:45.8,75.93957562396797,1.748,2021-09-08
33,오후 6:10:50.8,72.00784572726687,1.756,2021-09-08
33,오후 6:10:55.8,74.11937724252256,1.719,2021-09-08
33,오후 6:11:00.8,73.12181233844662,1.63,2021-09-08
33,오후 6:11:05.8,71.06197573575812,1.679,2021-09-08
33,오후 6:11:10.8,72.0864964282445,1.656,2021-09-08
33,오후 6:11:15.8,73.25677527359753,1.609,2021-09-08
33,오후 6:11:20.8,72.00784572726687,1.632,2021-09-08
33,오후 6:11:25.8,70.11937724252256,1.659,2021-09-08
33,오후 6:11:30.8,71.12181233844662,1.63,2021-09-08
33,오후 6:11:35.9,71.06197573575812,1.587,2021-09-08
33,오후 6:11:40.9,72.0864964282445,1.61,2021-09-08
33,오후 6:11:45.9,71.25677527359753,1.608,2021-09-08
33,오후 6:11:50.9,70.08489761472396,1.632,2021-09-08
33,오후 6:11:55.9,69.47081535284565,1.614,2021-09-08
33,오후 6:12:00.9,68.84317473479867,1.587,2021-09-08
33,오후 6:12:05.9,69.18546553761685,1.572,2021-09-08
33,오후 6:12:10.9,72.55671042933152,1.558,2021-09-08
33,오후 6:12:15.9,69.93957562396797,1.566,2021-09-08
33,오후 6:12:20.9,69.04198315231801,1.642,2021-09-08
33,오후 6:12:25.9,69.31247367223635,1.583,2021-09-08
33,오후 6:12:30.9,69.53366359223965,1.563,2021-09-08
33,오후 6:12:35.9,68.74042366970423,1.569,2021-09-08
33,오후 6:12:40.9,70.04518510357609,1.574,2021-09-08
33,오후 6:12:45.9,69.47249049518311,1.556,2021-09-08
33,오후 6:12:50.9,66.04198315231801,1.585,2021-09-08
33,오후 6:12:55.9,67.31247367223635,1.573,2021-09-08
33,오후 6:13:01.0,64.53366359223965,1.495,2021-09-08
33,오후 6:13:06.0,65.74042366970423,1.523,2021-09-08
33,오후 6:13:11.0,67.04518510357609,1.46,2021-09-08
33,오후 6:13:16.0,67.47249049518311,1.488,2021-09-08
34,오후 6:13:41.9,74.04198315231801,1.517,2021-09-08
34,오후 6:13:46.9,74.31247367223635,1.527,2021-09-08
34,오후 6:13:51.9,76.53366359223965,1.677,2021-09-08
34,오후 6:13:56.9,73.74042366970423,1.682,2021-09-08
34,오후 6:14:01.9,74.04518510357609,1.733,2021-09-08
34,오후 6:14:06.9,75.47249049518311,1.669,2021-09-08
34,오후 6:14:11.9,72.13914228339809,1.676,2021-09-08
34,오후 6:14:16.9,74.66042141558682,1.709,2021-09-08
34,오후 6:14:21.9,74.1776601448583,1.633,2021-09-08
34,오후 6:14:26.9,84.21370756266647,1.935212388518556,2021-09-08
34,오후 6:14:31.9,75.87710395778115,1.68,2021-09-08
34,오후 6:14:36.9,73.01353466824737,1.666,2021-09-08
34,오후 6:14:41.9,72.04198315231801,1.719,2021-09-08
34,오후 6:14:47.0,71.31247367223635,1.653,2021-09-08
34,오후 6:14:52.0,72.53366359223965,1.631,2021-09-08
34,오후 6:14:57.0,71.74042366970423,1.614,2021-09-08
34,오후 6:15:02.0,71.04518510357609,1.642,2021-09-08
34,오후 6:15:07.0,72.47249049518311,1.624,2021-09-08
34,오후 6:15:12.0,71.13914228339809,1.608,2021-09-08
34,오후 6:15:17.0,69.66042141558682,1.64,2021-09-08
34,오후 6:15:22.0,71.1776601448583,1.61,2021-09-08
34,오후 6:15:27.0,69.58643440551927,1.577,2021-09-08
34,오후 6:15:32.0,70.87710395778115,1.611,2021-09-08
34,오후 6:15:37.0,72.01353466824737,1.575,2021-09-08
34,오후 6:15:42.0,69.04198315231801,1.605,2021-09-08
34,오후 6:15:47.0,68.31247367223635,1.63,2021-09-08
34,오후 6:15:52.0,69.53366359223965,1.562,2021-09-08
34,오후 6:15:57.0,67.74042366970423,1.546,2021-09-08
34,오후 6:16:02.0,68.04518510357609,1.574,2021-09-08
34,오후 6:16:07.0,69.47249049518311,1.533,2021-09-08
34,오후 6:16:12.0,67.04198315231801,1.54,2021-09-08
34,오후 6:16:17.0,64.31247367223635,1.573,2021-09-08
34,오후 6:16:22.0,65.53366359223965,1.517,2021-09-08
34,오후 6:16:27.1,67.74042366970423,1.455,2021-09-08
34,오후 6:16:32.1,67.04518510357609,1.483,2021-09-08
34,오후 6:16:37.1,68.47249049518311,1.533,2021-09-08
35,오후 6:17:04.9,75.01093857044455,1.518,2021-09-08
35,오후 6:17:09.9,73.19333628680197,1.55,2021-09-08
35,오후 6:17:14.9,76.28386418628695,1.699,2021-09-08
35,오후 6:17:19.9,75.3394548018018,1.657,2021-09-08
35,오후 6:17:24.9,76.49933688835523,1.727,2021-09-08
35,오후 6:17:29.9,74.81608582210924,1.706,2021-09-08
35,오후 6:17:34.9,73.13914228339809,1.732,2021-09-08
35,오후 6:17:40.0,71.66042141558682,1.694,2021-09-08
35,오후 6:17:45.0,72.1776601448583,1.656,2021-09-08
35,오후 6:17:50.0,74.58643440551927,1.623,2021-09-08
35,오후 6:17:55.0,72.87710395778115,1.634,2021-09-08
35,오후 6:18:00.0,74.01353466824737,1.688,2021-09-08
35,오후 6:18:05.0,70.13914228339809,1.65,2021-09-08
35,오후 6:18:10.0,69.66042141558682,1.675,2021-09-08
35,오후 6:18:15.0,73.1776601448583,1.588,2021-09-08
35,오후 6:18:20.0,71.58643440551927,1.577,2021-09-08
35,오후 6:18:25.0,70.87710395778115,1.657,2021-09-08
35,오후 6:18:30.0,74.01353466824737,1.62,2021-09-08
35,오후 6:18:35.0,69.04198315231801,1.604,2021-09-08
35,오후 6:18:40.0,69.31247367223635,1.676,2021-09-08
35,오후 6:18:45.0,68.53366359223965,1.563,2021-09-08
35,오후 6:18:50.0,70.74042366970423,1.569,2021-09-08
35,오후 6:18:55.0,71.04518510357609,1.551,2021-09-08
35,오후 6:19:00.0,69.47249049518311,1.601,2021-09-08
35,오후 6:19:05.0,66.04198315231801,1.608,2021-09-08
35,오후 6:19:10.0,66.31247367223635,1.572,2021-09-08
35,오후 6:19:15.0,69.53366359223965,1.494,2021-09-08
35,오후 6:19:20.0,67.74042366970423,1.501,2021-09-08
35,오후 6:19:25.0,69.04518510357609,1.574,2021-09-08
35,오후 6:19:30.0,67.47249049518311,1.533,2021-09-08
35,오후 6:19:35.0,64.01093857044455,1.563,2021-09-08
35,오후 6:19:40.1,67.19333628680197,1.527,2021-09-08
35,오후 6:19:45.1,66.28386418628695,1.449,2021-09-08
35,오후 6:19:50.1,64.3394548018018,1.52,2021-09-08
35,오후 6:19:55.1,64.49933688835523,1.5,2021-09-08
35,오후 6:20:00.1,67.81608582210924,1.456,2021-09-08
36,오후 6:20:25.1,76.01093857044455,1.459,2021-09-08
36,오후 6:20:30.1,76.19333628680197,1.535,2021-09-08
36,오후 6:20:35.1,74.28386418628695,1.721,2021-09-08
36,오후 6:20:40.1,75.3394548018018,1.726,2021-09-08
36,오후 6:20:45.1,74.49933688835523,1.682,2021-09-08
36,오후 6:20:50.2,75.81608582210924,1.706,2021-09-08
36,오후 6:20:55.2,71.00784572726687,1.687,2021-09-08
36,오후 6:21:00.2,74.11937724252256,1.717,2021-09-08
36,오후 6:21:05.2,73.12181233844662,1.608,2021-09-08
36,오후 6:21:10.2,73.06197573575812,1.679,2021-09-08
36,오후 6:21:15.2,74.0864964282445,1.656,2021-09-08
36,오후 6:21:20.2,72.25677527359753,1.654,2021-09-08
36,오후 6:21:25.2,72.20403500015834,1.677,2021-09-08
36,오후 6:21:30.2,69.87178422074807,1.635,2021-09-08
36,오후 6:21:35.2,73.49957940787253,1.635,2021-09-08
36,오후 6:21:40.2,72.86391347156295,1.582,2021-09-08
36,오후 6:21:45.2,70.9081485396546,1.665,2021-09-08
36,오후 6:21:50.2,73.66209655792429,1.649,2021-09-08
36,오후 6:21:55.2,69.13914228339809,1.606,2021-09-08
36,오후 6:22:00.2,68.66042141558682,1.667,2021-09-08
36,오후 6:22:05.2,69.1776601448583,1.565,2021-09-08
36,오후 6:22:10.2,72.58643440551927,1.554,2021-09-08
36,오후 6:22:15.2,71.87710395778115,1.566,2021-09-08
36,오후 6:22:20.2,70.01353466824737,1.643,2021-09-08
36,오후 6:22:25.2,66.00784572726687,1.627,2021-09-08
36,오후 6:22:30.2,67.11937724252256,1.585,2021-09-08
36,오후 6:22:35.3,66.12181233844662,1.494,2021-09-08
36,오후 6:22:40.3,69.06197573575812,1.519,2021-09-08
36,오후 6:22:45.3,69.0864964282445,1.496,2021-09-08
36,오후 6:22:50.3,69.25677527359753,1.563,2021-09-08
36,오후 6:22:55.3,67.08489761472396,1.564,2021-09-08
36,오후 6:23:00.3,67.47081535284565,1.567,2021-09-08
36,오후 6:23:05.3,66.84317473479867,1.518,2021-09-08
36,오후 6:23:10.3,67.18546553761685,1.527,2021-09-08
36,오후 6:23:15.3,65.55671042933152,1.513,2021-09-08
36,오후 6:23:20.3,66.93957562396797,1.52,2021-09-08
37,오후 6:23:47.4,74.08489761472396,1.484,2021-09-08
37,오후 6:23:52.4,73.47081535284565,1.515,2021-09-08
37,오후 6:23:57.4,73.84317473479867,1.678,2021-09-08
37,오후 6:24:02.4,77.18546553761685,1.664,2021-09-08
37,오후 6:24:07.4,74.55671042933152,1.672,2021-09-08
37,오후 6:24:12.4,77.93957562396797,1.748,2021-09-08
37,오후 6:24:17.5,74.08489761472396,1.688,2021-09-08
37,오후 6:24:22.5,73.47081535284565,1.765,2021-09-08
37,오후 6:24:27.5,74.84317473479867,1.677,2021-09-08
37,오후 6:24:32.5,72.18546553761685,1.663,2021-09-08
37,오후 6:24:37.5,72.55671042933152,1.694,2021-09-08
37,오후 6:24:42.5,73.93957562396797,1.634,2021-09-08
37,오후 6:24:47.5,69.13914228339809,1.643,2021-09-08
37,오후 6:24:52.5,72.66042141558682,1.674,2021-09-08
37,오후 6:24:57.5,72.1776601448583,1.565,2021-09-08
37,오후 6:25:02.5,70.58643440551927,1.645,2021-09-08
37,오후 6:25:07.5,70.87710395778115,1.634,2021-09-08
37,오후 6:25:12.5,74.01353466824737,1.598,2021-09-08
37,오후 6:25:17.5,70.20403500015834,1.604,2021-09-08
37,오후 6:25:22.5,68.87178422074807,1.675,2021-09-08
37,오후 6:25:27.5,76.76127727793018,1.7550274495735223,2021-09-08
37,오후 6:25:32.5,69.86391347156295,1.559,2021-09-08
37,오후 6:25:37.5,72.9081485396546,1.573,2021-09-08
37,오후 6:25:42.5,71.66209655792429,1.582,2021-09-08
37,오후 6:25:47.5,69.01093857044455,1.651,2021-09-08
37,오후 6:25:52.5,69.19333628680197,1.622,2021-09-08
37,오후 6:25:57.5,69.28386418628695,1.562,2021-09-08
37,오후 6:26:02.5,67.3394548018018,1.566,2021-09-08
37,오후 6:26:07.5,66.49933688835523,1.568,2021-09-08
37,오후 6:26:12.5,66.81608582210924,1.524,2021-09-08
37,오후 6:26:17.6,64.04198315231801,1.505,2021-09-08
37,오후 6:26:22.6,64.31247367223635,1.512,2021-09-08
37,오후 6:26:27.6,67.53366359223965,1.449,2021-09-08
37,오후 6:26:32.6,65.74042366970423,1.455,2021-09-08
37,오후 6:26:37.6,67.04518510357609,1.529,2021-09-08
37,오후 6:26:42.6,68.47249049518311,1.488,2021-09-08
38,오후 6:27:09.8,75.20403500015834,1.517,2021-09-08
38,오후 6:27:14.8,75.87178422074807,1.55,2021-09-08
38,오후 6:27:19.8,74.49957940787253,1.703,2021-09-08
38,오후 6:27:24.8,77.86391347156295,1.719,2021-09-08
38,오후 6:27:29.8,75.9081485396546,1.687,2021-09-08
38,오후 6:27:34.8,75.66209655792429,1.763,2021-09-08
38,오후 6:27:39.8,72.01093857044455,1.719,2021-09-08
38,오후 6:27:44.8,72.19333628680197,1.713,2021-09-08
38,오후 6:27:49.8,71.28386418628695,1.631,2021-09-08
38,오후 6:27:54.8,73.3394548018018,1.634,2021-09-08
38,오후 6:27:59.8,71.49933688835523,1.614,2021-09-08
38,오후 6:28:04.8,72.81608582210924,1.66,2021-09-08
38,오후 6:28:09.8,72.01093857044455,1.619,2021-09-08
38,오후 6:28:14.8,70.19333628680197,1.648,2021-09-08
38,오후 6:28:19.8,72.28386418628695,1.631,2021-09-08
38,오후 6:28:24.8,70.3394548018018,1.589,2021-09-08
38,오후 6:28:29.8,69.49933688835523,1.636,2021-09-08
38,오후 6:28:34.8,69.81608582210924,1.592,2021-09-08
38,오후 6:28:39.9,68.01093857044455,1.574,2021-09-08
38,오후 6:28:44.9,71.19333628680197,1.58,2021-09-08
38,오후 6:28:49.9,69.28386418628695,1.539,2021-09-08
38,오후 6:28:54.9,71.3394548018018,1.612,2021-09-08
38,오후 6:28:59.9,70.49933688835523,1.568,2021-09-08
38,오후 6:29:04.9,70.81608582210924,1.615,2021-09-08
38,오후 6:29:09.9,66.20403500015834,1.596,2021-09-08
38,오후 6:29:14.9,66.87178422074807,1.603,2021-09-08
38,오후 6:29:19.9,70.49957940787253,1.498,2021-09-08
38,오후 6:29:24.9,70.86391347156295,1.513,2021-09-08
38,오후 6:29:29.9,67.9081485396546,1.596,2021-09-08
38,오후 6:29:34.9,70.66209655792429,1.604,2021-09-08
38,오후 6:29:39.9,65.01093857044455,1.537,2021-09-08
38,오후 6:29:44.9,67.19333628680197,1.6,2021-09-08
38,오후 6:29:49.9,64.28386418628695,1.471,2021-09-08
38,오후 6:29:54.9,65.3394548018018,1.521,2021-09-08
38,오후 6:29:59.9,65.49933688835523,1.454,2021-09-08
38,오후 6:30:04.9,65.81608582210924,1.479,2021-09-08
39,오후 6:30:31.5,74.04198315231801,1.482,2021-09-08
39,오후 6:30:36.5,74.31247367223635,1.49,2021-09-08
39,오후 6:30:41.5,73.53366359223965,1.676,2021-09-08
39,오후 6:30:46.5,75.74042366970423,1.682,2021-09-08
39,오후 6:30:51.5,74.04518510357609,1.665,2021-09-08
39,오후 6:30:56.5,77.47249049518311,1.715,2021-09-08
39,오후 6:31:01.5,71.08489761472396,1.677,2021-09-08
39,오후 6:31:06.6,74.47081535284565,1.754,2021-09-08
39,오후 6:31:11.6,74.84317473479867,1.609,2021-09-08
39,오후 6:31:16.6,74.18546553761685,1.686,2021-09-08
39,오후 6:31:21.6,72.55671042933152,1.695,2021-09-08
39,오후 6:31:26.6,72.93957562396797,1.68,2021-09-08
39,오후 6:31:31.6,72.20403500015834,1.643,2021-09-08
39,오후 6:31:36.6,70.87178422074807,1.651,2021-09-08
39,오후 6:31:41.6,73.49957940787253,1.634,2021-09-08
39,오후 6:31:46.6,72.86391347156295,1.604,2021-09-08
39,오후 6:31:51.6,70.9081485396546,1.664,2021-09-08
39,오후 6:31:56.6,71.66209655792429,1.65,2021-09-08
39,오후 6:32:01.6,71.01093857044455,1.605,2021-09-08
39,오후 6:32:06.6,71.19333628680197,1.622,2021-09-08
39,오후 6:32:11.6,69.28386418628695,1.608,2021-09-08
39,오후 6:32:16.6,71.3394548018018,1.611,2021-09-08
39,오후 6:32:21.6,69.49933688835523,1.568,2021-09-08
39,오후 6:32:26.6,75.81327729045685,1.753728261651045,2021-09-08
39,오후 6:32:31.6,69.08489761472396,1.573,2021-09-08
39,오후 6:32:36.6,66.47081535284565,1.581,2021-09-08
39,오후 6:32:41.6,67.84317473479867,1.564,2021-09-08
39,오후 6:32:46.6,68.18546553761685,1.504,2021-09-08
39,오후 6:32:51.6,68.55671042933152,1.535,2021-09-08
39,오후 6:32:56.6,70.93957562396797,1.544,2021-09-08
39,오후 6:33:01.7,66.00784572726687,1.552,2021-09-08
39,오후 6:33:06.7,66.11937724252256,1.606,2021-09-08
39,오후 6:33:11.7,64.12181233844662,1.493,2021-09-08
39,오후 6:33:16.7,67.06197573575812,1.497,2021-09-08
39,오후 6:33:21.7,65.0864964282445,1.451,2021-09-08
39,오후 6:33:26.7,64.25677527359753,1.518,2021-09-08
40,오후 6:33:52.3,73.04198315231801,1.473,2021-09-08
40,오후 6:33:57.3,74.31247367223635,1.454,2021-09-08
40,오후 6:34:02.3,76.53366359223965,1.653,2021-09-08
40,오후 6:34:07.3,73.74042366970423,1.682,2021-09-08
40,오후 6:34:12.3,76.04518510357609,1.733,2021-09-08
40,오후 6:34:17.3,74.47249049518311,1.67,2021-09-08
40,오후 6:34:22.3,71.13914228339809,1.722,2021-09-08
40,오후 6:34:27.3,71.66042141558682,1.686,2021-09-08
40,오후 6:34:32.3,75.1776601448583,1.61,2021-09-08
40,오후 6:34:37.3,75.58643440551927,1.622,2021-09-08
40,오후 6:34:42.3,75.87710395778115,1.702,2021-09-08
40,오후 6:34:47.4,75.01353466824737,1.711,2021-09-08
40,오후 6:34:52.4,72.01093857044455,1.719,2021-09-08
40,오후 6:34:57.4,71.19333628680197,1.699,2021-09-08
40,오후 6:35:02.4,71.28386418628695,1.63,2021-09-08
40,오후 6:35:07.4,71.3394548018018,1.611,2021-09-08
40,오후 6:35:12.4,69.49933688835523,1.614,2021-09-08
40,오후 6:35:17.4,72.81608582210924,1.615,2021-09-08
40,오후 6:35:22.4,68.08489761472396,1.573,2021-09-08
40,오후 6:35:27.4,71.47081535284565,1.649,2021-09-08
40,오후 6:35:32.4,68.84317473479867,1.541,2021-09-08
40,오후 6:35:37.4,69.18546553761685,1.618,2021-09-08
40,오후 6:35:42.4,72.55671042933152,1.558,2021-09-08
40,오후 6:35:47.4,69.93957562396797,1.566,2021-09-08
40,오후 6:35:52.4,67.08489761472396,1.642,2021-09-08
40,오후 6:35:57.4,66.47081535284565,1.584,2021-09-08
40,오후 6:36:02.4,68.84317473479867,1.519,2021-09-08
40,오후 6:36:07.4,69.18546553761685,1.504,2021-09-08
40,오후 6:36:12.4,69.55671042933152,1.558,2021-09-08
40,오후 6:36:17.4,68.93957562396797,1.566,2021-09-08
40,오후 6:36:22.5,64.01093857044455,1.574,2021-09-08
40,오후 6:36:27.5,65.19333628680197,1.561,2021-09-08
40,오후 6:36:32.5,67.28386418628695,1.448,2021-09-08
40,오후 6:36:37.5,64.3394548018018,1.475,2021-09-08
40,오후 6:36:42.5,64.49933688835523,1.523,2021-09-08
40,오후 6:36:47.5,67.81608582210924,1.455,2021-09-08
41,오후 6:37:13.2,75.08489761472396,1.459,2021-09-08
41,오후 6:37:18.2,75.47081535284565,1.535,2021-09-08
41,오후 6:37:23.2,76.84317473479867,1.7,2021-09-08
41,오후 6:37:28.2,76.18546553761685,1.709,2021-09-08
41,오후 6:37:33.2,77.41138503655154,1.7837359591599764,2021-09-08
41,오후 6:37:38.2,77.93957562396797,1.725,2021-09-08
41,오후 6:37:43.2,72.20403500015834,1.711,2021-09-08
41,오후 6:37:48.2,71.87178422074807,1.765,2021-09-08
41,오후 6:37:53.2,72.49957940787253,1.635,2021-09-08
41,오후 6:37:58.2,75.86391347156295,1.627,2021-09-08
41,오후 6:38:03.2,74.9081485396546,1.642,2021-09-08
41,오후 6:38:08.2,75.66209655792429,1.718,2021-09-08
41,오후 6:38:13.2,69.00784572726687,1.697,2021-09-08
41,오후 6:38:18.2,71.11937724252256,1.714,2021-09-08
41,오후 6:38:23.2,72.12181233844662,1.562,2021-09-08
41,오후 6:38:28.2,70.06197573575812,1.61,2021-09-08
41,오후 6:38:33.2,70.0864964282445,1.633,2021-09-08
41,오후 6:38:38.2,70.25677527359753,1.586,2021-09-08
41,오후 6:38:43.2,70.00784572726687,1.587,2021-09-08
41,오후 6:38:48.3,70.11937724252256,1.59,2021-09-08
41,오후 6:38:53.3,69.12181233844662,1.584,2021-09-08
41,오후 6:38:58.3,71.06197573575812,1.587,2021-09-08
41,오후 6:39:03.3,68.0864964282445,1.564,2021-09-08
41,오후 6:39:08.3,71.25677527359753,1.609,2021-09-08
41,오후 6:39:13.3,66.00784572726687,1.541,2021-09-08
41,오후 6:39:18.3,67.11937724252256,1.613,2021-09-08
41,오후 6:39:23.3,66.12181233844662,1.494,2021-09-08
41,오후 6:39:28.3,68.06197573575812,1.519,2021-09-08
41,오후 6:39:33.3,69.0864964282445,1.496,2021-09-08
41,오후 6:39:38.3,69.25677527359753,1.54,2021-09-08
41,오후 6:39:43.3,64.13914228339809,1.564,2021-09-08
41,오후 6:39:48.3,66.66042141558682,1.567,2021-09-08
41,오후 6:39:53.3,66.1776601448583,1.451,2021-09-08
41,오후 6:39:58.3,66.58643440551927,1.509,2021-09-08
41,오후 6:40:03.3,65.87710395778115,1.498,2021-09-08
41,오후 6:40:08.3,66.01353466824737,1.507,2021-09-08
42,오후 6:40:35.4,75.00784572726687,1.491,2021-09-08
42,오후 6:40:40.4,74.11937724252256,1.494,2021-09-08
42,오후 6:40:45.4,76.12181233844662,1.699,2021-09-08
42,오후 6:40:50.4,73.06197573575812,1.678,2021-09-08
42,오후 6:40:55.4,74.0864964282445,1.724,2021-09-08
42,오후 6:41:00.4,76.25677527359753,1.654,2021-09-08
42,오후 6:41:05.4,74.04198315231801,1.677,2021-09-08
42,오후 6:41:10.4,71.31247367223635,1.727,2021-09-08
42,오후 6:41:15.4,74.53366359223965,1.676,2021-09-08
42,오후 6:41:20.5,72.74042366970423,1.614,2021-09-08
42,오후 6:41:25.5,75.04518510357609,1.687,2021-09-08
42,오후 6:41:30.5,72.47249049518311,1.647,2021-09-08
42,오후 6:41:35.5,70.01093857044455,1.699,2021-09-08
42,오후 6:41:40.5,69.19333628680197,1.64,2021-09-08
42,오후 6:41:45.5,70.28386418628695,1.585,2021-09-08
42,오후 6:41:50.5,71.3394548018018,1.566,2021-09-08
42,오후 6:41:55.5,71.49933688835523,1.591,2021-09-08
42,오후 6:42:00.5,71.81608582210924,1.615,2021-09-08
42,오후 6:42:05.5,71.04198315231801,1.619,2021-09-08
42,오후 6:42:10.5,71.31247367223635,1.626,2021-09-08
42,오후 6:42:15.5,68.53366359223965,1.608,2021-09-08
42,오후 6:42:20.5,68.74042366970423,1.614,2021-09-08
42,오후 6:42:25.5,72.04518510357609,1.551,2021-09-08
42,오후 6:42:30.5,69.47249049518311,1.556,2021-09-08
42,오후 6:42:35.5,67.00784572726687,1.631,2021-09-08
42,오후 6:42:40.5,68.11937724252256,1.573,2021-09-08
42,오후 6:42:45.5,66.12181233844662,1.517,2021-09-08
42,오후 6:42:50.6,67.06197573575812,1.542,2021-09-08
42,오후 6:42:55.6,68.0864964282445,1.497,2021-09-08
42,오후 6:43:00.6,66.25677527359753,1.518,2021-09-08
42,오후 6:43:05.6,65.00784572726687,1.541,2021-09-08
42,오후 6:43:10.6,65.11937724252256,1.499,2021-09-08
42,오후 6:43:15.6,64.12181233844662,1.471,2021-09-08
42,오후 6:43:20.6,66.06197573575812,1.474,2021-09-08
42,오후 6:43:25.6,65.0864964282445,1.451,2021-09-08
42,오후 6:43:30.6,65.25677527359753,1.495,2021-09-08
43,오후 6:43:58.5,76.13914228339809,1.473,2021-09-08
43,오후 6:44:03.5,75.66042141558682,1.477,2021-09-08
43,오후 6:44:08.5,75.1776601448583,1.724,2021-09-08
43,오후 6:44:13.5,77.58643440551927,1.713,2021-09-08
43,오후 6:44:18.5,75.87710395778115,1.702,2021-09-08
43,오후 6:44:23.5,75.01353466824737,1.757,2021-09-08
43,오후 6:44:28.5,74.01093857044455,1.718,2021-09-08
43,오후 6:44:33.5,72.19333628680197,1.698,2021-09-08
43,오후 6:44:38.5,71.28386418628695,1.676,2021-09-08
43,오후 6:44:43.5,73.3394548018018,1.635,2021-09-08
43,오후 6:44:48.5,74.49933688835523,1.613,2021-09-08
43,오후 6:44:53.5,72.81608582210924,1.661,2021-09-08
43,오후 6:44:58.5,72.00784572726687,1.687,2021-09-08
43,오후 6:45:03.5,71.11937724252256,1.649,2021-09-08
43,오후 6:45:08.5,69.12181233844662,1.63,2021-09-08
43,오후 6:45:13.6,71.06197573575812,1.61,2021-09-08
43,오후 6:45:18.6,72.0864964282445,1.565,2021-09-08
43,오후 6:45:23.6,71.25677527359753,1.608,2021-09-08
43,오후 6:45:28.6,69.04198315231801,1.632,2021-09-08
43,오후 6:45:33.6,69.31247367223635,1.613,2021-09-08
43,오후 6:45:38.6,70.53366359223965,1.563,2021-09-08
43,오후 6:45:43.6,71.74042366970423,1.569,2021-09-08
43,오후 6:45:48.6,72.04518510357609,1.597,2021-09-08
43,오후 6:45:53.6,71.47249049518311,1.624,2021-09-08
43,오후 6:45:58.6,68.01093857044455,1.631,2021-09-08
43,오후 6:46:03.6,67.19333628680197,1.618,2021-09-08
43,오후 6:46:08.6,66.28386418628695,1.54,2021-09-08
43,오후 6:46:13.6,67.3394548018018,1.521,2021-09-08
43,오후 6:46:18.6,66.49933688835523,1.5,2021-09-08
43,오후 6:46:23.6,66.81608582210924,1.524,2021-09-08
43,오후 6:46:28.6,66.08489761472396,1.505,2021-09-08
43,오후 6:46:33.7,72.31156582139945,1.6699820665545413,2021-09-08
43,오후 6:46:38.7,65.84317473479867,1.496,2021-09-08
43,오후 6:46:43.7,65.18546553761685,1.482,2021-09-08
43,오후 6:46:48.7,66.55671042933152,1.49,2021-09-08
43,오후 6:46:53.7,68.93957562396797,1.475,2021-09-08
